Nursery	Venezuela	Government	CIENCIAS NATURALES — Propuestas de contenidos para la enseñanza y aprendizajes esperados (Documento para la consulta), Septiembre 2025	Natural Sciences	teacher	https://github.com/tensae-code/liqlearns-textbooks/blob/main/nursery/gov/venezuela/natural-sciences/full-year.pdf
Nursery	Venezuela	Government	IDENTIDAD — Propuestas de contenidos para la enseñanza y aprendizajes esperados (Documento para la consulta), Septiembre 2025	Identity	teacher	https://github.com/tensae-code/liqlearns-textbooks/blob/main/nursery/gov/venezuela/identity/full-year.pdf
Nursery	Venezuela	Government	MATEMÁTICA — Propuestas de contenidos para la enseñanza y aprendizajes esperados (Documento para la consulta), Septiembre 2025	Mathematics	teacher	https://github.com/tensae-code/liqlearns-textbooks/blob/main/nursery/gov/venezuela/mathematics/full-year.pdf
Nursery	Venezuela	Government	PRÁCTICAS DEL LENGUAJE — Propuestas de contenidos para la enseñanza y aprendizajes esperados (Documento para la consulta), Septiembre 2025	Language	teacher	https://github.com/tensae-code/liqlearns-textbooks/blob/main/nursery/gov/venezuela/language/full-year.pdf
KG1	Venezuela	Government	CIENCIAS NATURALES — Propuestas de contenidos para la enseñanza y aprendizajes esperados (Documento para la consulta), Septiembre 2025	Natural Sciences	teacher	https://github.com/tensae-code/liqlearns-textbooks/blob/main/kg1/gov/venezuela/natural-sciences/full-year.pdf
KG1	Venezuela	Government	IDENTIDAD — Propuestas de contenidos para la enseñanza y aprendizajes esperados (Documento para la consulta), Septiembre 2025	Identity	teacher	https://github.com/tensae-code/liqlearns-textbooks/blob/main/kg1/gov/venezuela/identity/full-year.pdf
KG1	Venezuela	Government	MATEMÁTICA — Propuestas de contenidos para la enseñanza y aprendizajes esperados (Documento para la consulta), Septiembre 2025	Mathematics	teacher	https://github.com/tensae-code/liqlearns-textbooks/blob/main/kg1/gov/venezuela/mathematics/full-year.pdf
KG1	Venezuela	Government	PRÁCTICAS DEL LENGUAJE — Propuestas de contenidos para la enseñanza y aprendizajes esperados (Documento para la consulta), Septiembre 2025	Language	teacher	https://github.com/tensae-code/liqlearns-textbooks/blob/main/kg1/gov/venezuela/language/full-year.pdf
KG1	Zambia	Government	Activities for Daily Living (ADL) Teaching Module	Activities for Daily Living	teacher	https://github.com/tensae-code/liqlearns-textbooks/blob/main/kg1/gov/zambia/activities-for-daily-living/full-year-2.pdf
KG1	Zambia	Government	English Language	Pre-Literacy and Language	student	https://github.com/tensae-code/liqlearns-textbooks/blob/main/kg1/gov/zambia/pre-literacy-and-language/full-year-3.pdf
KG1	Zambia	Government	English Language	Pre-Literacy and Language	student	https://github.com/tensae-code/liqlearns-textbooks/blob/main/kg1/gov/zambia/pre-literacy-and-language/full-year-5.pdf
KG1	Zambia	Government	Intellectual Disabilities	Activities for Daily Living	student	https://github.com/tensae-code/liqlearns-textbooks/blob/main/kg1/gov/zambia/activities-for-daily-living/full-year-3.pdf
KG1	Zambia	Government	Intellectual Disability Activities for Daily Living (ADL)	Activities for Daily Living	student	https://github.com/tensae-code/liqlearns-textbooks/blob/main/kg1/gov/zambia/activities-for-daily-living/full-year.pdf
KG1	Zambia	Government	Pre-Literacy in English Language ECE	Pre-Literacy and Language	student	https://github.com/tensae-code/liqlearns-textbooks/blob/main/kg1/gov/zambia/pre-literacy-and-language/full-year-2.pdf
KG1	Zambia	Government	Pre-Literacy in English Teaching Module	Pre-Literacy and Language	teacher	https://github.com/tensae-code/liqlearns-textbooks/blob/main/kg1/gov/zambia/pre-literacy-and-language/full-year.pdf
KG1	Zambia	Government	Pre-Mathematics and Science	Pre-Mathematics and Science	student	https://github.com/tensae-code/liqlearns-textbooks/blob/main/kg1/gov/zambia/pre-mathematics-and-science/full-year-3.pdf
KG1	Zambia	Government	Pre-Mathematics and Science Teaching Module (Early Childhood Education)	Pre-Mathematics and Science	teacher	https://github.com/tensae-code/liqlearns-textbooks/blob/main/kg1/gov/zambia/pre-mathematics-and-science/full-year.pdf
KG1	Zambia	Government	Pre-Mathematics and Science Teaching Module (Early Childhood Education)	Pre-Mathematics and Science	teacher	https://github.com/tensae-code/liqlearns-textbooks/blob/main/kg1/gov/zambia/pre-mathematics-and-science/full-year-2.pdf
KG1	Zambia	Government	Zambian Languages	Pre-Literacy and Language	student	https://github.com/tensae-code/liqlearns-textbooks/blob/main/kg1/gov/zambia/pre-literacy-and-language/full-year-4.pdf
KG1	Zambia	Government	Zambian Sign Language Teaching Module	Braille	teacher	https://github.com/tensae-code/liqlearns-textbooks/blob/main/kg1/gov/zambia/braille/full-year-braille.pdf
KG2	Bangladesh	Government	Amar Boi (My Book) — Pre-primary	My Book	student	https://github.com/tensae-code/liqlearns-textbooks/blob/main/kg2/gov/bangladesh/my-book/full-year.pdf
KG2	Bangladesh	Government	Asho Aki-Buki Kori (Storybook) — Pre-primary	Storybooks	student	https://github.com/tensae-code/liqlearns-textbooks/blob/main/kg2/gov/bangladesh/storybooks/asho-aki-buki-kori/full-year.pdf
KG2	Bangladesh	Government	Baronor Akdin (Storybook) — Pre-primary	Storybooks	student	https://github.com/tensae-code/liqlearns-textbooks/blob/main/kg2/gov/bangladesh/storybooks/baronor-akdin/full-year.pdf
KG2	Bangladesh	Government	Benjon Borno Chart (Consonant Chart) — Pre-primary	Charts	student	https://github.com/tensae-code/liqlearns-textbooks/blob/main/kg2/gov/bangladesh/charts/consonant-chart/full-year.pdf
KG2	Bangladesh	Government	Borgo Raj o Trivujrani (Storybook) — Pre-primary	Storybooks	student	https://github.com/tensae-code/liqlearns-textbooks/blob/main/kg2/gov/bangladesh/storybooks/borgo-raj-o-trivujrani/full-year.pdf
KG2	Bangladesh	Government	Caca Bazare Jan (Storybook) — Pre-primary	Storybooks	student	https://github.com/tensae-code/liqlearns-textbooks/blob/main/kg2/gov/bangladesh/storybooks/caca-bazare-jan/full-year.pdf
KG2	Bangladesh	Government	Flash Cards — Pre-primary	Flashcards	student	https://github.com/tensae-code/liqlearns-textbooks/blob/main/kg2/gov/bangladesh/flashcards/full-year.pdf
KG2	Bangladesh	Government	Flipchart — Pre-primary	Flipchart	student	https://github.com/tensae-code/liqlearns-textbooks/blob/main/kg2/gov/bangladesh/flipchart/full-year.pdf
KG2	Bangladesh	Government	Ful Fotar Anondo (Storybook) — Pre-primary	Storybooks	student	https://github.com/tensae-code/liqlearns-textbooks/blob/main/kg2/gov/bangladesh/storybooks/ful-fotar-anondo/full-year.pdf
KG2	Bangladesh	Government	Kothay Amar Ma (Storybook) — Pre-primary	Storybooks	student	https://github.com/tensae-code/liqlearns-textbooks/blob/main/kg2/gov/bangladesh/storybooks/kothay-amar-ma/full-year.pdf
KG2	Bangladesh	Government	Kushi Ak Din Kusum Pura (Storybook) — Pre-primary	Storybooks	student	https://github.com/tensae-code/liqlearns-textbooks/blob/main/kg2/gov/bangladesh/storybooks/kushi-ak-din-kusum-pura/full-year.pdf
KG2	Bangladesh	Government	Lal Pokar Golpo (Storybook) — Pre-primary	Storybooks	student	https://github.com/tensae-code/liqlearns-textbooks/blob/main/kg2/gov/bangladesh/storybooks/lal-pokar-golpo/full-year.pdf
KG2	Bangladesh	Government	Mojar Mama (Storybook) — Pre-primary	Storybooks	student	https://github.com/tensae-code/liqlearns-textbooks/blob/main/kg2/gov/bangladesh/storybooks/mojar-mama/full-year.pdf
KG2	Bangladesh	Government	Opur Biral (Storybook) — Pre-primary	Storybooks	student	https://github.com/tensae-code/liqlearns-textbooks/blob/main/kg2/gov/bangladesh/storybooks/opur-biral/full-year.pdf
KG2	Bangladesh	Government	Shorbarno Chart (Vowel Chart) — Pre-primary	Charts	student	https://github.com/tensae-code/liqlearns-textbooks/blob/main/kg2/gov/bangladesh/charts/vowel-chart/full-year.pdf
KG2	Bangladesh	Government	Ting Tong (Storybook) — Pre-primary	Storybooks	student	https://github.com/tensae-code/liqlearns-textbooks/blob/main/kg2/gov/bangladesh/storybooks/ting-tong/full-year.pdf
KG2	Bhutan	Government	Anthology of Songs Rhymes and Poem	English	student	https://github.com/tensae-code/liqlearns-textbooks/blob/main/kg2/gov/bhutan/english/anthology-of-songs-rhymes-and-poem.pdf
KG2	Bhutan	Government	CVC Stories	English	student	https://github.com/tensae-code/liqlearns-textbooks/blob/main/kg2/gov/bhutan/english/cvc-stories.pdf
KG2	Bhutan	Government	Handwriting Book	English	student	https://github.com/tensae-code/liqlearns-textbooks/blob/main/kg2/gov/bhutan/english/handwriting-book.pdf
KG2	Bhutan	Government	Lashog	རྫོང་ཁ།	student	https://github.com/tensae-code/liqlearns-textbooks/blob/main/kg2/gov/bhutan/dzongkha/lashog.pdf
KG2	Bhutan	Government	Lhog Jang	རྫོང་ཁ།	student	https://github.com/tensae-code/liqlearns-textbooks/blob/main/kg2/gov/bhutan/dzongkha/lhog-jang.pdf
KG2	Bhutan	Government	Phonic Workbook	English	student	https://github.com/tensae-code/liqlearns-textbooks/blob/main/kg2/gov/bhutan/english/phonic-workbook.pdf
KG2	Bhutan	Government	PP-I Suggested Activities	Health and Physical Education	student	https://github.com/tensae-code/liqlearns-textbooks/blob/main/kg2/gov/bhutan/health-and-physical-education/full-year.pdf
KG2	Bhutan	Government	Reader Big Book Dechen and Dorji	English	student	https://github.com/tensae-code/liqlearns-textbooks/blob/main/kg2/gov/bhutan/english/reader-big-book-dechen-and-dorji.pdf
KG2	Bhutan	Government	Reader Big Book Dechen and Dorji's Father	English	student	https://github.com/tensae-code/liqlearns-textbooks/blob/main/kg2/gov/bhutan/english/reader-big-book-dechen-and-dorji-s-father.pdf
KG2	Bhutan	Government	Reader Big Book Who Took It	English	student	https://github.com/tensae-code/liqlearns-textbooks/blob/main/kg2/gov/bhutan/english/reader-big-book-who-took-it.pdf
KG2	Bhutan	Government	Reader Book 1 School	English	student	https://github.com/tensae-code/liqlearns-textbooks/blob/main/kg2/gov/bhutan/english/reader-book-1-school.pdf
KG2	Bhutan	Government	Reader Book 2 I Like	English	student	https://github.com/tensae-code/liqlearns-textbooks/blob/main/kg2/gov/bhutan/english/reader-book-2-i-like.pdf
KG2	Bhutan	Government	Reader Book 3A Father	English	student	https://github.com/tensae-code/liqlearns-textbooks/blob/main/kg2/gov/bhutan/english/reader-book-3a-father.pdf
KG2	Bhutan	Government	Reader Kuenzang Dang Dechen	རྫོང་ཁ།	student	https://github.com/tensae-code/liqlearns-textbooks/blob/main/kg2/gov/bhutan/dzongkha/reader-kuenzang-dang-dechen.pdf
KG2	Bhutan	Government	Reader Nima Dang Dawa	རྫོང་ཁ།	student	https://github.com/tensae-code/liqlearns-textbooks/blob/main/kg2/gov/bhutan/dzongkha/reader-nima-dang-dawa.pdf
KG2	Bhutan	Government	Student Activity Book	Mathematics	student	https://github.com/tensae-code/liqlearns-textbooks/blob/main/kg2/gov/bhutan/mathematics/full-year.pdf
KG2	Bhutan	Government	Student Workbook	Values and Citizenship Education	student	https://github.com/tensae-code/liqlearns-textbooks/blob/main/kg2/gov/bhutan/values-and-citizenship-education/full-year.pdf
KG2	Bhutan	Government	Student's Book 202	Art Education	student	https://github.com/tensae-code/liqlearns-textbooks/blob/main/kg2/gov/bhutan/art-education/full-year.pdf
KG2	Bhutan	Government	Teacher's Guide	Art Education	teacher	https://github.com/tensae-code/liqlearns-textbooks/blob/main/kg2/gov/bhutan/art-education/full-year-teacher-guide.pdf
KG2	Bhutan	Government	Teacher's Guide	Mathematics	teacher	https://github.com/tensae-code/liqlearns-textbooks/blob/main/kg2/gov/bhutan/mathematics/full-year-teacher-guide.pdf
KG2	Bhutan	Government	Teacher's Guide	རྫོང་ཁ།	teacher	https://github.com/tensae-code/liqlearns-textbooks/blob/main/kg2/gov/bhutan/dzongkha/full-year-teacher-guide.pdf
KG2	Bhutan	Government	Teacher's Handbook	Values and Citizenship Education	teacher	https://github.com/tensae-code/liqlearns-textbooks/blob/main/kg2/gov/bhutan/values-and-citizenship-education/full-year-teacher-guide.pdf
KG2	Ghana	Government	Kindergarten Curriculum — National Council for Curriculum and Assessment (NaCCA), Ministry of Education, Ghana	Kindergarten	teacher	https://github.com/tensae-code/liqlearns-textbooks/blob/main/kg2/gov/ghana/kindergarten/full-year.pdf
KG2	Ghana	Government	Teacher Resource Pack for Kindergarten — Ministry of Education, Ghana	Teacher Resource Pack	teacher	https://github.com/tensae-code/liqlearns-textbooks/blob/main/kg2/gov/ghana/teacher-resource-pack/full-year.pdf
KG2	South Africa	Government	DBE Rainbow Workbook — Workbook, Grade R, Book 3 (Term 3)	Workbook	student	https://github.com/tensae-code/liqlearns-textbooks/blob/main/kg2/gov/south-africa/workbooks/term-3.pdf
KG2	South Africa	Government	DBE Rainbow Workbook — Workbook, Grade R, Book 4 (Term 4)	Workbook	student	https://github.com/tensae-code/liqlearns-textbooks/blob/main/kg2/gov/south-africa/workbooks/term-4.pdf
KG2	Suriname	Government	Spelend leren — Themaboek 3 (praktisch curriculum voor kleuters)	Play-based learning	student	https://github.com/tensae-code/liqlearns-textbooks/blob/main/kg2/gov/suriname/play-based-learning/student-themaboek-3.pdf
KG2	Suriname	Government	Spelend leren — Themaboek 4 (praktisch curriculum voor kleuters)	Play-based learning	student	https://github.com/tensae-code/liqlearns-textbooks/blob/main/kg2/gov/suriname/play-based-learning/student-themaboek-4.pdf
KG2	Venezuela	Government	CIENCIAS NATURALES — Propuestas de contenidos para la enseñanza y aprendizajes esperados (Documento para la consulta), Septiembre 2025	Natural Sciences	teacher	https://github.com/tensae-code/liqlearns-textbooks/blob/main/kg2/gov/venezuela/natural-sciences/full-year.pdf
KG2	Venezuela	Government	IDENTIDAD — Propuestas de contenidos para la enseñanza y aprendizajes esperados (Documento para la consulta), Septiembre 2025	Identity	teacher	https://github.com/tensae-code/liqlearns-textbooks/blob/main/kg2/gov/venezuela/identity/full-year.pdf
KG2	Venezuela	Government	MATEMÁTICA — Propuestas de contenidos para la enseñanza y aprendizajes esperados (Documento para la consulta), Septiembre 2025	Mathematics	teacher	https://github.com/tensae-code/liqlearns-textbooks/blob/main/kg2/gov/venezuela/mathematics/full-year.pdf
KG2	Venezuela	Government	PRÁCTICAS DEL LENGUAJE — Propuestas de contenidos para la enseñanza y aprendizajes esperados (Documento para la consulta), Septiembre 2025	Language	teacher	https://github.com/tensae-code/liqlearns-textbooks/blob/main/kg2/gov/venezuela/language/full-year.pdf
KG2	Zambia	Government	Chitonga Teaching Module ECE Level 2 Term 3	Pre-Literacy and Language	teacher	https://github.com/tensae-code/liqlearns-textbooks/blob/main/kg2/gov/zambia/pre-literacy-and-language/term-3-6.pdf
KG2	Zambia	Government	Cinyanja ECE Teaching Module Level 2 Term 3	Pre-Literacy and Language	teacher	https://github.com/tensae-code/liqlearns-textbooks/blob/main/kg2/gov/zambia/pre-literacy-and-language/term-3-8.pdf
KG2	Zambia	Government	Creative and Technology Studies Teaching Module ECE Term 3	Creative and Technology Studies	teacher	https://github.com/tensae-code/liqlearns-textbooks/blob/main/kg2/gov/zambia/creative-and-technology-studies/term-3.pdf
KG2	Zambia	Government	Icibemba ECE Teaching Module- Term 3	Pre-Literacy and Language	teacher	https://github.com/tensae-code/liqlearns-textbooks/blob/main/kg2/gov/zambia/pre-literacy-and-language/term-3-9.pdf
KG2	Zambia	Government	Intellectual Disabilities Pre-Mathematics and Science Teaching Module	Pre-Mathematics and Science	teacher	https://github.com/tensae-code/liqlearns-textbooks/blob/main/kg2/gov/zambia/pre-mathematics-and-science/full-year.pdf
KG2	Zambia	Government	Kikaonde Teaching Module ECE Level 2 Term 3	Pre-Literacy and Language	teacher	https://github.com/tensae-code/liqlearns-textbooks/blob/main/kg2/gov/zambia/pre-literacy-and-language/term-3.pdf
KG2	Zambia	Government	Kikaonde Teaching Module ECE Level 2 Term 3	Pre-Literacy and Language	teacher	https://github.com/tensae-code/liqlearns-textbooks/blob/main/kg2/gov/zambia/pre-literacy-and-language/term-3-3.pdf
KG2	Zambia	Government	Lunda ECE 4 - 5 Years Teaching Module Term 3	Pre-Literacy and Language	teacher	https://github.com/tensae-code/liqlearns-textbooks/blob/main/kg2/gov/zambia/pre-literacy-and-language/term-3-4.pdf
KG2	Zambia	Government	Luvale - ECE 4 - 5 Years Teaching Modules Term 3	Pre-Literacy and Language	teacher	https://github.com/tensae-code/liqlearns-textbooks/blob/main/kg2/gov/zambia/pre-literacy-and-language/term-3-5.pdf
KG2	Zambia	Government	Pre - Literacy in English Language Teaching Module ECE Level 2 Term 3	Pre-Literacy and Language	teacher	https://github.com/tensae-code/liqlearns-textbooks/blob/main/kg2/gov/zambia/pre-literacy-and-language/term-3-2.pdf
KG2	Zambia	Government	Pre-Mathematics and Science Level 2 Teaching Modules Term 3	Pre-Mathematics and Science	teacher	https://github.com/tensae-code/liqlearns-textbooks/blob/main/kg2/gov/zambia/pre-mathematics-and-science/term-3.pdf
KG2	Zambia	Government	Silozi ECE 2 Teaching Module Term 3	Pre-Literacy and Language	teacher	https://github.com/tensae-code/liqlearns-textbooks/blob/main/kg2/gov/zambia/pre-literacy-and-language/term-3-7.pdf
Grade 1	Andorra	Government	Programa d'educació física de primera ensenyança de l'Escola Andorrana	Physical Education	teacher	https://github.com/tensae-code/liqlearns-textbooks/blob/main/grade-01/gov/andorra/physical-education/full-year.pdf
Grade 1	Andorra	Government	Programa d'educació visual i plàstica de primera ensenyança de l'Escola Andorrana	Visual Arts	teacher	https://github.com/tensae-code/liqlearns-textbooks/blob/main/grade-01/gov/andorra/visual-arts/full-year.pdf
Grade 1	Andorra	Government	Programa de ciències socials de primera ensenyança de l'Escola Andorrana	Social Sciences	teacher	https://github.com/tensae-code/liqlearns-textbooks/blob/main/grade-01/gov/andorra/social-sciences/full-year.pdf
Grade 1	Andorra	Government	Programa de llengües i literatures de primera ensenyança de l'Escola Andorrana	Languages and Literature	teacher	https://github.com/tensae-code/liqlearns-textbooks/blob/main/grade-01/gov/andorra/languages-and-literature/full-year.pdf
Grade 1	Andorra	Government	Programa de matemàtiques de primera ensenyança de l'Escola Andorrana	Mathematics	teacher	https://github.com/tensae-code/liqlearns-textbooks/blob/main/grade-01/gov/andorra/mathematics/full-year.pdf
Grade 1	Argentina	Government	Educación Sexual Integral, nivel primario: primer ciclo (Seguimos Educando)	Comprehensive Sexuality Education (ESI)	student	https://github.com/tensae-code/liqlearns-textbooks/blob/main/grade-01/gov/argentina/esi/full-year.pdf
Grade 1	Argentina	Government	Historias x leer en clave multimedia: orientaciones 1er ciclo	Literature / Digital literacy	teacher	https://github.com/tensae-code/liqlearns-textbooks/blob/main/grade-01/gov/argentina/literature/multimedia-orientations/full-year.pdf
Grade 1	Argentina	Government	La vuelta al mundo: orientaciones para docentes (Historias x leer, 1er año/grado)	Literature / Reading	teacher	https://github.com/tensae-code/liqlearns-textbooks/blob/main/grade-01/gov/argentina/literature/la-vuelta-al-mundo/full-year.pdf
Grade 1	Bangladesh	Government	Class 1 Bangla (Bangla Version)	Bangla	student	https://github.com/tensae-code/liqlearns-textbooks/blob/main/grade-01/gov/bangladesh/bangla/bangla-version/full-year.pdf
Grade 1	Bangladesh	Government	Class 1 English (Bangla Version)	English	student	https://github.com/tensae-code/liqlearns-textbooks/blob/main/grade-01/gov/bangladesh/english/bangla-version/full-year.pdf
Grade 1	Bangladesh	Government	Class 1 Mathematics (Bangla Version)	Mathematics	student	https://github.com/tensae-code/liqlearns-textbooks/blob/main/grade-01/gov/bangladesh/mathematics/bangla-version/full-year.pdf
Grade 1	Bangladesh	Government	Class 1 Mathematics (English Version)	Mathematics	student	https://github.com/tensae-code/liqlearns-textbooks/blob/main/grade-01/gov/bangladesh/mathematics/english-version/full-year.pdf
Grade 1	Bhutan	Government	Anthology of Songs Rhymes and Poems	English	student	https://github.com/tensae-code/liqlearns-textbooks/blob/main/grade-01/gov/bhutan/english/anthology-of-songs-rhymes-and-poems.pdf
Grade 1	Bhutan	Government	Lashog	རྫོང་ཁ།	student	https://github.com/tensae-code/liqlearns-textbooks/blob/main/grade-01/gov/bhutan/dzongkha/lashog.pdf
Grade 1	Bhutan	Government	Lhog Jang	རྫོང་ཁ།	student	https://github.com/tensae-code/liqlearns-textbooks/blob/main/grade-01/gov/bhutan/dzongkha/lhog-jang.pdf
Grade 1	Bhutan	Government	Phonic Workbook	English	student	https://github.com/tensae-code/liqlearns-textbooks/blob/main/grade-01/gov/bhutan/english/phonic-workbook.pdf
Grade 1	Bhutan	Government	Reader Book 1 The School	English	student	https://github.com/tensae-code/liqlearns-textbooks/blob/main/grade-01/gov/bhutan/english/reader-book-1-the-school.pdf
Grade 1	Bhutan	Government	Reader Book 2 What Time Is It Momo	English	student	https://github.com/tensae-code/liqlearns-textbooks/blob/main/grade-01/gov/bhutan/english/reader-book-2-what-time-is-it-momo.pdf
Grade 1	Bhutan	Government	Reader Book 3 Momo and the Bananas	English	student	https://github.com/tensae-code/liqlearns-textbooks/blob/main/grade-01/gov/bhutan/english/reader-book-3-momo-and-the-bananas.pdf
Grade 1	Bhutan	Government	Reader Book 4 Work	English	student	https://github.com/tensae-code/liqlearns-textbooks/blob/main/grade-01/gov/bhutan/english/reader-book-4-work.pdf
Grade 1	Bhutan	Government	Reader Book 6 Twelve Animals of Bhutan	English	student	https://github.com/tensae-code/liqlearns-textbooks/blob/main/grade-01/gov/bhutan/english/reader-book-6-twelve-animals-of-bhutan.pdf
Grade 1	Bhutan	Government	Reader Book 7 The Elephant's Trunk	English	student	https://github.com/tensae-code/liqlearns-textbooks/blob/main/grade-01/gov/bhutan/english/reader-book-7-the-elephant-s-trunk.pdf
Grade 1	Bhutan	Government	Reader Book 8 At The Market	English	student	https://github.com/tensae-code/liqlearns-textbooks/blob/main/grade-01/gov/bhutan/english/reader-book-8-at-the-market.pdf
Grade 1	Bhutan	Government	Reader Kakur Dang Tosang Tshu	རྫོང་ཁ།	student	https://github.com/tensae-code/liqlearns-textbooks/blob/main/grade-01/gov/bhutan/dzongkha/reader-kakur-dang-tosang-tshu.pdf
Grade 1	Bhutan	Government	Student Activity Book	Mathematics	student	https://github.com/tensae-code/liqlearns-textbooks/blob/main/grade-01/gov/bhutan/mathematics/full-year.pdf
Grade 1	Bhutan	Government	Student Workbook	Values and Citizenship Education	student	https://github.com/tensae-code/liqlearns-textbooks/blob/main/grade-01/gov/bhutan/values-and-citizenship-education/full-year.pdf
Grade 1	Bhutan	Government	Student's Book	Art Education	student	https://github.com/tensae-code/liqlearns-textbooks/blob/main/grade-01/gov/bhutan/art-education/full-year.pdf
Grade 1	Bhutan	Government	Teacher's Guide	Art Education	teacher	https://github.com/tensae-code/liqlearns-textbooks/blob/main/grade-01/gov/bhutan/art-education/full-year-teacher-guide.pdf
Grade 1	Bhutan	Government	Teacher's Guide	རྫོང་ཁ།	teacher	https://github.com/tensae-code/liqlearns-textbooks/blob/main/grade-01/gov/bhutan/dzongkha/full-year-teacher-guide.pdf
Grade 1	Bhutan	Government	Teacher's Handbook	Values and Citizenship Education	teacher	https://github.com/tensae-code/liqlearns-textbooks/blob/main/grade-01/gov/bhutan/values-and-citizenship-education/full-year-teacher-guide.pdf
Grade 1	Cabo Verde	Government	Guia de Atividades Científicas 1.º ano	Science Activity Guide	teacher	https://github.com/tensae-code/liqlearns-textbooks/blob/main/grade-01/gov/cabo-verde/science-activity-guide/teacher-guide.pdf
Grade 1	Cuba	Government	Cuaderno de actividades: El mundo en que vivimos (1ro y 2do grado)	The World Around Us	student	https://github.com/tensae-code/liqlearns-textbooks/blob/main/grade-01/gov/cuba/the-world-around-us/full-year.pdf
Grade 1	Cyprus	Government	Μαθηματικά Α' Δημοτικού — Οδηγός Εκπαιδευτικού, Ενότητα 1 (Mathematics Α' Δημοτικού — Teacher guide, Ενότητα 1)	Mathematics	teacher	https://github.com/tensae-code/liqlearns-textbooks/blob/main/grade-01/gov/cyprus/mathematics/teacher-guide/unit-1.pdf
Grade 1	Cyprus	Government	Μαθηματικά Α' Δημοτικού — Οδηγός Εκπαιδευτικού, Ενότητα 10 (Mathematics Α' Δημοτικού — Teacher guide, Ενότητα 10)	Mathematics	teacher	https://github.com/tensae-code/liqlearns-textbooks/blob/main/grade-01/gov/cyprus/mathematics/teacher-guide/unit-10.pdf
Grade 1	Cyprus	Government	Μαθηματικά Α' Δημοτικού — Οδηγός Εκπαιδευτικού, Ενότητα 11 (Mathematics Α' Δημοτικού — Teacher guide, Ενότητα 11)	Mathematics	teacher	https://github.com/tensae-code/liqlearns-textbooks/blob/main/grade-01/gov/cyprus/mathematics/teacher-guide/unit-11.pdf
Grade 1	Cyprus	Government	Μαθηματικά Α' Δημοτικού — Οδηγός Εκπαιδευτικού, Ενότητα 2 (Mathematics Α' Δημοτικού — Teacher guide, Ενότητα 2)	Mathematics	teacher	https://github.com/tensae-code/liqlearns-textbooks/blob/main/grade-01/gov/cyprus/mathematics/teacher-guide/unit-2.pdf
Grade 1	Cyprus	Government	Μαθηματικά Α' Δημοτικού — Οδηγός Εκπαιδευτικού, Ενότητα 3 (Mathematics Α' Δημοτικού — Teacher guide, Ενότητα 3)	Mathematics	teacher	https://github.com/tensae-code/liqlearns-textbooks/blob/main/grade-01/gov/cyprus/mathematics/teacher-guide/unit-3.pdf
Grade 1	Cyprus	Government	Μαθηματικά Α' Δημοτικού — Οδηγός Εκπαιδευτικού, Ενότητα 4 (Mathematics Α' Δημοτικού — Teacher guide, Ενότητα 4)	Mathematics	teacher	https://github.com/tensae-code/liqlearns-textbooks/blob/main/grade-01/gov/cyprus/mathematics/teacher-guide/unit-4.pdf
Grade 1	Cyprus	Government	Μαθηματικά Α' Δημοτικού — Οδηγός Εκπαιδευτικού, Ενότητα 5 (Mathematics Α' Δημοτικού — Teacher guide, Ενότητα 5)	Mathematics	teacher	https://github.com/tensae-code/liqlearns-textbooks/blob/main/grade-01/gov/cyprus/mathematics/teacher-guide/unit-5.pdf
Grade 1	Cyprus	Government	Μαθηματικά Α' Δημοτικού — Οδηγός Εκπαιδευτικού, Ενότητα 7 (Mathematics Α' Δημοτικού — Teacher guide, Ενότητα 7)	Mathematics	teacher	https://github.com/tensae-code/liqlearns-textbooks/blob/main/grade-01/gov/cyprus/mathematics/teacher-guide/unit-7.pdf
Grade 1	Cyprus	Government	Μαθηματικά Α' Δημοτικού — Οδηγός Εκπαιδευτικού, Ενότητα 9 (Mathematics Α' Δημοτικού — Teacher guide, Ενότητα 9)	Mathematics	teacher	https://github.com/tensae-code/liqlearns-textbooks/blob/main/grade-01/gov/cyprus/mathematics/teacher-guide/unit-9.pdf
Grade 1	El Salvador	Government	Programa de estudio — Primer grado (MINED, 2008)	Study Program	teacher	https://github.com/tensae-code/liqlearns-textbooks/blob/main/grade-01/gov/el-salvador/study-program/full-year.pdf
Grade 1	Ethiopia	Government	Grade 1 English Student Textbook	English	student	https://github.com/tensae-code/liqlearns-textbooks/blob/main/grade-01/gov/ethiopia/english/student/full-year.pdf
Grade 1	Ethiopia	Government	Grade 1 Environmental Science Student Textbook	Environmental Science	student	https://github.com/tensae-code/liqlearns-textbooks/blob/main/grade-01/gov/ethiopia/environmental-science/student/full-year.pdf
Grade 1	Ethiopia	Government	Grade 1 Health and Physical Education Student Textbook	Health and Physical Education	student	https://github.com/tensae-code/liqlearns-textbooks/blob/main/grade-01/gov/ethiopia/health-and-physical-education/student/full-year.pdf
Grade 1	Ethiopia	Government	Grade 1 Mathematics Student Textbook	Mathematics	student	https://github.com/tensae-code/liqlearns-textbooks/blob/main/grade-01/gov/ethiopia/mathematics/student/full-year.pdf
Grade 1	Ethiopia	Government	Grade 1 Visual and Performing Art Student Textbook	Visual and Performing Art	student	https://github.com/tensae-code/liqlearns-textbooks/blob/main/grade-01/gov/ethiopia/visual-and-performing-art/student/full-year.pdf
Grade 1	Ghana	Government	Creative Arts Curriculum for Basic 1–3 — NaCCA, Ministry of Education, Ghana	Creative Arts	teacher	https://github.com/tensae-code/liqlearns-textbooks/blob/main/grade-01/gov/ghana/creative-arts/full-year.pdf
Grade 1	Ghana	Government	English Language Curriculum for Basic 1–3 — NaCCA, Ministry of Education, Ghana	English Language	teacher	https://github.com/tensae-code/liqlearns-textbooks/blob/main/grade-01/gov/ghana/english/full-year.pdf
Grade 1	Ghana	Government	English Teacher Guide Level 1 — Lower Primary (Distance Learning) — Ministry of Education, Ghana	English Language	teacher	https://github.com/tensae-code/liqlearns-textbooks/blob/main/grade-01/gov/ghana/english/teacher-guide/level-1.pdf
Grade 1	Ghana	Government	English Teacher Guide Level 2 — Lower Primary (Distance Learning) — Ministry of Education, Ghana	English Language	teacher	https://github.com/tensae-code/liqlearns-textbooks/blob/main/grade-01/gov/ghana/english/teacher-guide/level-2.pdf
Grade 1	Ghana	Government	English Teacher Guide Level 3 — Lower Primary (Distance Learning) — Ministry of Education, Ghana	English Language	teacher	https://github.com/tensae-code/liqlearns-textbooks/blob/main/grade-01/gov/ghana/english/teacher-guide/level-3.pdf
Grade 1	Ghana	Government	English Workbook — Lower Primary Level (Distance Learning) — Ministry of Education, Ghana	English Language	student	https://github.com/tensae-code/liqlearns-textbooks/blob/main/grade-01/gov/ghana/english/student-workbook.pdf
Grade 1	Ghana	Government	Ghanaian Language Curriculum for Basic 1–3 — NaCCA, Ministry of Education, Ghana (representative; additional per-language editions on the portal)	Ghanaian Language	teacher	https://github.com/tensae-code/liqlearns-textbooks/blob/main/grade-01/gov/ghana/ghanaian-language/full-year.pdf
Grade 1	Ghana	Government	History of Ghana Curriculum for Basic 1–6 — NaCCA, Ministry of Education, Ghana (covers both bands)	History of Ghana	teacher	https://github.com/tensae-code/liqlearns-textbooks/blob/main/grade-01/gov/ghana/history-of-ghana/full-year.pdf
Grade 1	Ghana	Government	Mathematics Curriculum for Basic 1–3 — NaCCA, Ministry of Education, Ghana	Mathematics	teacher	https://github.com/tensae-code/liqlearns-textbooks/blob/main/grade-01/gov/ghana/mathematics/full-year.pdf
Grade 1	Ghana	Government	Mathematics Teacher Guide Level 1 — Lower Primary (Distance Learning) — Ministry of Education, Ghana	Mathematics	teacher	https://github.com/tensae-code/liqlearns-textbooks/blob/main/grade-01/gov/ghana/mathematics/teacher-guide/level-1.pdf
Grade 1	Ghana	Government	Mathematics Teacher Guide Level 2 — Lower Primary (Distance Learning) — Ministry of Education, Ghana	Mathematics	teacher	https://github.com/tensae-code/liqlearns-textbooks/blob/main/grade-01/gov/ghana/mathematics/teacher-guide/level-2.pdf
Grade 1	Ghana	Government	Mathematics Teacher Guide Level 3 — Lower Primary (Distance Learning) — Ministry of Education, Ghana	Mathematics	teacher	https://github.com/tensae-code/liqlearns-textbooks/blob/main/grade-01/gov/ghana/mathematics/teacher-guide/level-3.pdf
Grade 1	Ghana	Government	Mathematics Workbook — Lower Primary Level (Distance Learning) — Ministry of Education, Ghana	Mathematics	student	https://github.com/tensae-code/liqlearns-textbooks/blob/main/grade-01/gov/ghana/mathematics/student-workbook.pdf
Grade 1	Ghana	Government	Our World Our People Curriculum for Basic 1–3 — NaCCA, Ministry of Education, Ghana	Our World Our People	teacher	https://github.com/tensae-code/liqlearns-textbooks/blob/main/grade-01/gov/ghana/our-world-our-people/full-year.pdf
Grade 1	Ghana	Government	Physical Education Curriculum for Basic 1–6 — NaCCA, Ministry of Education, Ghana (covers both bands)	Physical Education	teacher	https://github.com/tensae-code/liqlearns-textbooks/blob/main/grade-01/gov/ghana/physical-education/full-year.pdf
Grade 1	Ghana	Government	Religious and Moral Education Curriculum for Basic 1–6 — NaCCA, Ministry of Education, Ghana (covers both bands)	Religious and Moral Education	teacher	https://github.com/tensae-code/liqlearns-textbooks/blob/main/grade-01/gov/ghana/religious-and-moral-education/full-year.pdf
Grade 1	Ghana	Government	Science Curriculum for Basic 1–3 — NaCCA, Ministry of Education, Ghana	Science	teacher	https://github.com/tensae-code/liqlearns-textbooks/blob/main/grade-01/gov/ghana/science/full-year.pdf
Grade 1	Greece	Government	Anthologio Logotechnikon Keimenon A'-B' Dimotikou (Grades 1-2) - Tomos 2	Literature Anthology	student	https://github.com/tensae-code/liqlearns-textbooks/blob/main/grade-01/gov/greece/literature-anthology/tomos-2.pdf
Grade 1	Greece	Government	Glossa A' Dimotikou (Grade 1) - Vivlio Mathiti, Teuxos B	Greek Language	student	https://github.com/tensae-code/liqlearns-textbooks/blob/main/grade-01/gov/greece/greek-language/teuxos-b.pdf
Grade 1	Greece	Government	Mathimatika A' Dimotikou (Grade 1) - Vivlio Mathiti, Teuxos B, Tomos 1	Mathematics	student	https://github.com/tensae-code/liqlearns-textbooks/blob/main/grade-01/gov/greece/mathematics/teuxos-b-tomos-1.pdf
Grade 1	Greece	Government	Meleti Perivallontos A' Dimotikou (Grade 1) - Vivlio Mathiti, Tomos 1	Environmental Studies	student	https://github.com/tensae-code/liqlearns-textbooks/blob/main/grade-01/gov/greece/environmental-studies/tomos-1.pdf
Grade 1	Iran	Government	Mathematics, Grade 1 (Iran, 1405-1406)	Mathematics	student	https://github.com/tensae-code/liqlearns-textbooks/blob/main/grade-01/gov/iran/mathematics/full-year.pdf
Grade 1	Iran	Government	Persian Writing, Grade 1 (Iran, 1405-1406)	Persian Writing	student	https://github.com/tensae-code/liqlearns-textbooks/blob/main/grade-01/gov/iran/persian-writing/full-year.pdf
Grade 1	Iran	Government	Persian, Grade 1 (Iran, 1405-1406)	Persian	student	https://github.com/tensae-code/liqlearns-textbooks/blob/main/grade-01/gov/iran/persian/full-year.pdf
Grade 1	Iran	Government	Quran Learning, Grade 1 (Iran, 1405-1406)	Quran Learning	student	https://github.com/tensae-code/liqlearns-textbooks/blob/main/grade-01/gov/iran/quran-learning/full-year.pdf
Grade 1	Iran	Government	Science, Grade 1 (Iran, 1405-1406)	Science	student	https://github.com/tensae-code/liqlearns-textbooks/blob/main/grade-01/gov/iran/science/full-year.pdf
Grade 1	Jamaica	Government	Can you count with me?	Literacy (Language Development and Literacy)	student	https://github.com/tensae-code/liqlearns-textbooks/blob/main/grade-01/gov/jamaica/literacy/can-you-count-with-me.pdf
Grade 1	Jamaica	Government	Harriet Hen	Literacy (Language Development and Literacy)	student	https://github.com/tensae-code/liqlearns-textbooks/blob/main/grade-01/gov/jamaica/literacy/harriet-hen.pdf
Grade 1	Jamaica	Government	Hide and Seek	Literacy (Language Development and Literacy)	student	https://github.com/tensae-code/liqlearns-textbooks/blob/main/grade-01/gov/jamaica/literacy/hide-and-seek.pdf
Grade 1	Jamaica	Government	I am growing	Literacy (Language Development and Literacy)	student	https://github.com/tensae-code/liqlearns-textbooks/blob/main/grade-01/gov/jamaica/literacy/i-am-growing.pdf
Grade 1	Jamaica	Government	I can we Can	Literacy (Language Development and Literacy)	student	https://github.com/tensae-code/liqlearns-textbooks/blob/main/grade-01/gov/jamaica/literacy/i-can-we-can.pdf
Grade 1	Jamaica	Government	I wish I Had	Literacy (Language Development and Literacy)	student	https://github.com/tensae-code/liqlearns-textbooks/blob/main/grade-01/gov/jamaica/literacy/i-wish-i-had.pdf
Grade 1	Mauritius	Government	Road Safety Education Pupil's Book	Road Safety Education	student	https://github.com/tensae-code/liqlearns-textbooks/blob/main/grade-01/gov/mauritius/road-safety-education/pupil-full-year.pdf
Grade 1	Mauritius	Government	Road Safety Education Teacher's Book	Road Safety Education	teacher	https://github.com/tensae-code/liqlearns-textbooks/blob/main/grade-01/gov/mauritius/road-safety-education/teacher-full-year.pdf
Grade 1	Moldova	Government	Clasa 1 — ABECEDAR (a.2019, in limba romana)	Romanian language	student	https://github.com/tensae-code/liqlearns-textbooks/blob/main/grade-01/gov/moldova/romanian/abecedar/full-year.pdf
Grade 1	Moldova	Government	Clasa 1 — Bukvar (a.2018, in limba bulgara)	Bulgarian language	student	https://github.com/tensae-code/liqlearns-textbooks/blob/main/grade-01/gov/moldova/bulgarian/bukvar-primer/full-year.pdf
Grade 1	Moldova	Government	Clasa 1 — Limba Gagauza (a. 2018)	Gagauz language	student	https://github.com/tensae-code/liqlearns-textbooks/blob/main/grade-01/gov/moldova/gagauz/full-year.pdf
Grade 1	Moldova	Government	Clasa 1 — Limba Ukraineana (a. 2018)	Ukrainian language	student	https://github.com/tensae-code/liqlearns-textbooks/blob/main/grade-01/gov/moldova/ukrainian/full-year.pdf
Grade 1	Nepal	Government	My English Book Grade 1	English	student	https://github.com/tensae-code/liqlearns-textbooks/blob/main/grade-01/gov/nepal/english/full-year.pdf
Grade 1	Nepal	Government	My Mathematics Grade 1	Mathematics	student	https://github.com/tensae-code/liqlearns-textbooks/blob/main/grade-01/gov/nepal/mathematics/full-year.pdf
Grade 1	Nepal	Government	My Mathematics Grade 1 (English Version)	Mathematics	student	https://github.com/tensae-code/liqlearns-textbooks/blob/main/grade-01/gov/nepal/mathematics/english-medium/full-year.pdf
Grade 1	Nepal	Government	My Science, Health and Physical Education Grade 1 (English Version)	Science, Health and Physical Education	student	https://github.com/tensae-code/liqlearns-textbooks/blob/main/grade-01/gov/nepal/science-health-physical-education/full-year.pdf
Grade 1	Nepal	Government	My Social Studies and Creative Arts Grade 1	Social Studies and Creative Arts	student	https://github.com/tensae-code/liqlearns-textbooks/blob/main/grade-01/gov/nepal/social-studies-and-creative-arts/full-year.pdf
Grade 1	Nepal	Government	Shikshak Nirdeshika Hamro Serofero Kaksha 1, 2077 (Teacher's Guide Our Surroundings Grade 1)	Our Surroundings (Hamro Serofero)	teacher	https://github.com/tensae-code/liqlearns-textbooks/blob/main/grade-01/gov/nepal/our-surroundings/full-year-teacher-guide.pdf
Grade 1	Nepal	Government	Shikshak Nirdeshika Mero Nepali Kaksha 1 (Teacher's Guide Nepali Grade 1)	Nepali	teacher	https://github.com/tensae-code/liqlearns-textbooks/blob/main/grade-01/gov/nepal/nepali/full-year-teacher-guide.pdf
Grade 1	Nepal	Government	Shikshak Nirdeshika Mero Vigyan, Swasthya tatha Sharirik Shiksha Kaksha 1 (Teacher's Guide Science, Health and Physical Education Grade 1)	Science, Health and Physical Education	teacher	https://github.com/tensae-code/liqlearns-textbooks/blob/main/grade-01/gov/nepal/science-health-physical-education/full-year-teacher-guide.pdf
Grade 1	Nepal	Government	Teacher's Guide My English Grade 1	English	teacher	https://github.com/tensae-code/liqlearns-textbooks/blob/main/grade-01/gov/nepal/english/full-year-teacher-guide.pdf
Grade 1	North Macedonia	Government	Gjuha maqedonase — Grade 1 (official e-textbook)	Macedonian Language	student	https://github.com/tensae-code/liqlearns-textbooks/blob/main/grade-01/gov/north-macedonia/macedonian-language/full-year.pdf
Grade 1	North Macedonia	Government	Matematika — Grade 1 (official e-textbook)	Mathematics	student	https://github.com/tensae-code/liqlearns-textbooks/blob/main/grade-01/gov/north-macedonia/mathematics/full-year.pdf
Grade 1	North Macedonia	Government	Shkencat natyrore — Grade 1 (official e-textbook)	Science	student	https://github.com/tensae-code/liqlearns-textbooks/blob/main/grade-01/gov/north-macedonia/science/full-year.pdf
Grade 1	North Macedonia	Government	Shoqëria — Grade 1 (official e-textbook)	Society	student	https://github.com/tensae-code/liqlearns-textbooks/blob/main/grade-01/gov/north-macedonia/society/full-year.pdf
Grade 1	Palestine	Government	Arabic Language — Grade 1, Part 1 (Semester 1)	Arabic Language	student	https://github.com/tensae-code/liqlearns-textbooks/blob/main/grade-01/gov/palestine/arabic-language/quarter-1-2.pdf
Grade 1	Palestine	Government	Arabic Language — Grade 1, Part 2 (Semester 2)	Arabic Language	student	https://github.com/tensae-code/liqlearns-textbooks/blob/main/grade-01/gov/palestine/arabic-language/quarter-3-4.pdf
Grade 1	Palestine	Government	English — Grade 1, Blended Learning Module 4 (supplementary)	English	student	https://github.com/tensae-code/liqlearns-textbooks/blob/main/grade-01/gov/palestine/english/blended-learning-module-4.pdf
Grade 1	Palestine	Government	English — Grade 1, Part 1 (Semester 1)	English	student	https://github.com/tensae-code/liqlearns-textbooks/blob/main/grade-01/gov/palestine/english/quarter-1-2.pdf
Grade 1	Palestine	Government	English — Grade 1, Part 2 (Semester 2)	English	student	https://github.com/tensae-code/liqlearns-textbooks/blob/main/grade-01/gov/palestine/english/quarter-3-4.pdf
Grade 1	Palestine	Government	Mathematics — Grade 1, Part 1 (Semester 1)	Mathematics	student	https://github.com/tensae-code/liqlearns-textbooks/blob/main/grade-01/gov/palestine/mathematics/quarter-1-2.pdf
Grade 1	Palestine	Government	Mathematics — Grade 1, Part 2 (Semester 2)	Mathematics	student	https://github.com/tensae-code/liqlearns-textbooks/blob/main/grade-01/gov/palestine/mathematics/quarter-3-4.pdf
Grade 1	Sierra Leone	Government	Primary 1 Language Arts Lesson Plans (Term 1)	Language Arts	teacher	https://github.com/tensae-code/liqlearns-textbooks/blob/main/grade-01/gov/sierra-leone/language-arts/teacher/term-1.pdf
Grade 1	Sierra Leone	Government	Primary 1 Language Arts Lesson Plans (Term 2)	Language Arts	teacher	https://github.com/tensae-code/liqlearns-textbooks/blob/main/grade-01/gov/sierra-leone/language-arts/teacher/term-2.pdf
Grade 1	Sierra Leone	Government	Primary 1 Language Arts Lesson Plans (Term 3)	Language Arts	teacher	https://github.com/tensae-code/liqlearns-textbooks/blob/main/grade-01/gov/sierra-leone/language-arts/teacher/term-3.pdf
Grade 1	Sierra Leone	Government	Primary 1 Mathematics Lesson Plans (Term 1)	Mathematics	teacher	https://github.com/tensae-code/liqlearns-textbooks/blob/main/grade-01/gov/sierra-leone/mathematics/teacher/term-1.pdf
Grade 1	Sierra Leone	Government	Primary 1 Mathematics Lesson Plans (Term 2)	Mathematics	teacher	https://github.com/tensae-code/liqlearns-textbooks/blob/main/grade-01/gov/sierra-leone/mathematics/teacher/term-2.pdf
Grade 1	Sierra Leone	Government	Primary 1 Mathematics Lesson Plans (Term 3)	Mathematics	teacher	https://github.com/tensae-code/liqlearns-textbooks/blob/main/grade-01/gov/sierra-leone/mathematics/teacher/term-3.pdf
Grade 1	South Africa	Government	DBE Rainbow Workbook — English Home Language, Grade 1, Workbook 1 (Terms 1-2)	English Home Language	student	https://github.com/tensae-code/liqlearns-textbooks/blob/main/grade-01/gov/south-africa/home-language/quarter-1-2.pdf
Grade 1	South Africa	Government	DBE Rainbow Workbook — Mathematics, Grade 1, Workbook 1 (Terms 1-2)	Mathematics	student	https://github.com/tensae-code/liqlearns-textbooks/blob/main/grade-01/gov/south-africa/mathematics/quarter-1-2.pdf
Grade 1	South Africa	Government	DBE Rainbow Workbook — Mathematics, Grade 1, Workbook 2 (Terms 3-4)	Mathematics	student	https://github.com/tensae-code/liqlearns-textbooks/blob/main/grade-01/gov/south-africa/mathematics/quarter-3-4.pdf
Grade 1	South Sudan	Government	South Sudan Primary 1 Mathematics Teacher's Guide	Mathematics	teacher	https://github.com/tensae-code/liqlearns-textbooks/blob/main/grade-01/gov/south-sudan/mathematics/full-year-teacher-guide.pdf
Grade 1	South Sudan	Government	South Sudan Primary 1 Science Teacher's Guide	Science	teacher	https://github.com/tensae-code/liqlearns-textbooks/blob/main/grade-01/gov/south-sudan/science/full-year-teacher-guide.pdf
Grade 1	Trinidad and Tobago	Government	Primary School Curriculum - Curriculum Guides: Infants 1	Curriculum Guide	teacher	https://github.com/tensae-code/liqlearns-textbooks/blob/main/grade-01/gov/trinidad-tobago/curriculum-guide/full-year.pdf
Grade 1	Turkey	Government	Muzik 1. Sinif - Full year	Music	student	https://github.com/tensae-code/liqlearns-textbooks/blob/main/grade-01/gov/turkey/music/full-year.pdf
Grade 1	Uruguay	Government	Cuaderno para leer y escribir en primero (CLE 1 - Zorrito)	Spanish language	student	https://github.com/tensae-code/liqlearns-textbooks/blob/main/grade-01/gov/uruguay/spanish-language/reading-writing/student-full-year.pdf
Grade 1	Uruguay	Government	Cuadernos para leer y escribir 1, 2 y 3 en diseno universal para el aprendizaje: Especificaciones para docentes	Spanish language	teacher	https://github.com/tensae-code/liqlearns-textbooks/blob/main/grade-01/gov/uruguay/spanish-language/reading-writing/teacher-full-year.pdf
Grade 1	Venezuela	Government	CIENCIAS NATURALES — Propuestas de contenidos para la enseñanza y aprendizajes esperados (Documento para la consulta), Septiembre 2025	Natural Sciences	teacher	https://github.com/tensae-code/liqlearns-textbooks/blob/main/grade-01/gov/venezuela/natural-sciences/full-year.pdf
Grade 1	Venezuela	Government	IDENTIDAD — Propuestas de contenidos para la enseñanza y aprendizajes esperados (Documento para la consulta), Septiembre 2025	Identity	teacher	https://github.com/tensae-code/liqlearns-textbooks/blob/main/grade-01/gov/venezuela/identity/full-year.pdf
Grade 1	Venezuela	Government	MATEMÁTICA — Propuestas de contenidos para la enseñanza y aprendizajes esperados (Documento para la consulta), Septiembre 2025	Mathematics	teacher	https://github.com/tensae-code/liqlearns-textbooks/blob/main/grade-01/gov/venezuela/mathematics/full-year.pdf
Grade 1	Venezuela	Government	PRÁCTICAS DEL LENGUAJE — Propuestas de contenidos para la enseñanza y aprendizajes esperados (Documento para la consulta), Septiembre 2025	Language	teacher	https://github.com/tensae-code/liqlearns-textbooks/blob/main/grade-01/gov/venezuela/language/full-year.pdf
Grade 1	Zambia	Government	Chitonga Teaching Module Grade 1 Term 1	Zambian Language	teacher	https://github.com/tensae-code/liqlearns-textbooks/blob/main/grade-01/gov/zambia/zambian-language/term-1.pdf
Grade 1	Zambia	Government	Chitonga Teaching Module Grade 1 Term 1	Zambian Language	teacher	https://github.com/tensae-code/liqlearns-textbooks/blob/main/grade-01/gov/zambia/zambian-language/term-1-2.pdf
Grade 1	Zambia	Government	Creative and Technology Studies	Creative and Technology Studies	student	https://github.com/tensae-code/liqlearns-textbooks/blob/main/grade-01/gov/zambia/creative-and-technology-studies/full-year.pdf
Grade 1	Zambia	Government	Creative and Technology Studies	Creative and Technology Studies	student	https://github.com/tensae-code/liqlearns-textbooks/blob/main/grade-01/gov/zambia/creative-and-technology-studies/full-year-2.pdf
Grade 1	Zambia	Government	Creative and Technology Studies Grade 1 Term 1	Creative and Technology Studies	student	https://github.com/tensae-code/liqlearns-textbooks/blob/main/grade-01/gov/zambia/creative-and-technology-studies/term-1.pdf
Grade 1	Zambia	Government	Icibemba Teaching Module Geledi 1 Temu 1	Zambian Language	teacher	https://github.com/tensae-code/liqlearns-textbooks/blob/main/grade-01/gov/zambia/zambian-language/full-year-3.pdf
Grade 1	Zambia	Government	Literacy in English	Literacy and Language	student	https://github.com/tensae-code/liqlearns-textbooks/blob/main/grade-01/gov/zambia/literacy-and-language/full-year.pdf
Grade 1	Zambia	Government	Literature in English Language	English Language	student	https://github.com/tensae-code/liqlearns-textbooks/blob/main/grade-01/gov/zambia/english-language/full-year.pdf
Grade 1	Zambia	Government	Mathematics and Science Teaching Module	Mathematics and Science	teacher	https://github.com/tensae-code/liqlearns-textbooks/blob/main/grade-01/gov/zambia/mathematics-and-science/full-year.pdf
Grade 1	Zambia	Government	Mathematics and Science Teaching Module	Mathematics and Science	teacher	https://github.com/tensae-code/liqlearns-textbooks/blob/main/grade-01/gov/zambia/mathematics-and-science/full-year-2.pdf
Grade 1	Zambia	Government	Zambian Sign Language Teaching Module	Zambian Language	teacher	https://github.com/tensae-code/liqlearns-textbooks/blob/main/grade-01/gov/zambia/zambian-language/full-year.pdf
Grade 1	Zambia	Government	Zambian Sign Language Teaching Module	Zambian Language	teacher	https://github.com/tensae-code/liqlearns-textbooks/blob/main/grade-01/gov/zambia/zambian-language/full-year-2.pdf
Grade 2	Bangladesh	Government	Class 2 Bangla (Bangla Version)	Bangla	student	https://github.com/tensae-code/liqlearns-textbooks/blob/main/grade-02/gov/bangladesh/bangla/bangla-version/full-year.pdf
Grade 2	Bangladesh	Government	Class 2 English (Bangla Version)	English	student	https://github.com/tensae-code/liqlearns-textbooks/blob/main/grade-02/gov/bangladesh/english/bangla-version/full-year.pdf
Grade 2	Bangladesh	Government	Class 2 Mathematics (Bangla Version)	Mathematics	student	https://github.com/tensae-code/liqlearns-textbooks/blob/main/grade-02/gov/bangladesh/mathematics/bangla-version/full-year.pdf
Grade 2	Bangladesh	Government	Class 2 Mathematics (English Version)	Mathematics	student	https://github.com/tensae-code/liqlearns-textbooks/blob/main/grade-02/gov/bangladesh/mathematics/english-version/full-year.pdf
Grade 2	Bhutan	Government	Anthology of Songs Rhymes and Poems	English	student	https://github.com/tensae-code/liqlearns-textbooks/blob/main/grade-02/gov/bhutan/english/anthology-of-songs-rhymes-and-poems.pdf
Grade 2	Bhutan	Government	Lashog	རྫོང་ཁ།	student	https://github.com/tensae-code/liqlearns-textbooks/blob/main/grade-02/gov/bhutan/dzongkha/lashog.pdf
Grade 2	Bhutan	Government	Lhog Jang	རྫོང་ཁ།	student	https://github.com/tensae-code/liqlearns-textbooks/blob/main/grade-02/gov/bhutan/dzongkha/lhog-jang.pdf
Grade 2	Bhutan	Government	Phonics Workbook	English	student	https://github.com/tensae-code/liqlearns-textbooks/blob/main/grade-02/gov/bhutan/english/phonics-workbook.pdf
Grade 2	Bhutan	Government	Reader Aap Tak Dang Aumchum Bjili	རྫོང་ཁ།	student	https://github.com/tensae-code/liqlearns-textbooks/blob/main/grade-02/gov/bhutan/dzongkha/reader-aap-tak-dang-aumchum-bjili.pdf
Grade 2	Bhutan	Government	Reader Aap Yangkhu Tashi	རྫོང་ཁ།	student	https://github.com/tensae-code/liqlearns-textbooks/blob/main/grade-02/gov/bhutan/dzongkha/reader-aap-yangkhu-tashi.pdf
Grade 2	Bhutan	Government	Reader Book 1 The Good Monkey	English	student	https://github.com/tensae-code/liqlearns-textbooks/blob/main/grade-02/gov/bhutan/english/reader-book-1-the-good-monkey.pdf
Grade 2	Bhutan	Government	Reader Book 2 Blessed Rainy Day	English	student	https://github.com/tensae-code/liqlearns-textbooks/blob/main/grade-02/gov/bhutan/english/reader-book-2-blessed-rainy-day.pdf
Grade 2	Bhutan	Government	Reader Book 3 Signs	English	student	https://github.com/tensae-code/liqlearns-textbooks/blob/main/grade-02/gov/bhutan/english/reader-book-3-signs.pdf
Grade 2	Bhutan	Government	Reader Book 4 Snow White	English	student	https://github.com/tensae-code/liqlearns-textbooks/blob/main/grade-02/gov/bhutan/english/reader-book-4-snow-white.pdf
Grade 2	Bhutan	Government	Reader Book 5 The Body	English	student	https://github.com/tensae-code/liqlearns-textbooks/blob/main/grade-02/gov/bhutan/english/reader-book-5-the-body.pdf
Grade 2	Bhutan	Government	Reader Book 6 Weather	English	student	https://github.com/tensae-code/liqlearns-textbooks/blob/main/grade-02/gov/bhutan/english/reader-book-6-weather.pdf
Grade 2	Bhutan	Government	Reader Book 7 Momo and the Mirror	English	student	https://github.com/tensae-code/liqlearns-textbooks/blob/main/grade-02/gov/bhutan/english/reader-book-7-momo-and-the-mirror.pdf
Grade 2	Bhutan	Government	Reader Book 8 Yak	English	student	https://github.com/tensae-code/liqlearns-textbooks/blob/main/grade-02/gov/bhutan/english/reader-book-8-yak.pdf
Grade 2	Bhutan	Government	Student Acitivity Book	Mathematics	student	https://github.com/tensae-code/liqlearns-textbooks/blob/main/grade-02/gov/bhutan/mathematics/full-year.pdf
Grade 2	Bhutan	Government	Student's Book	Art Education	student	https://github.com/tensae-code/liqlearns-textbooks/blob/main/grade-02/gov/bhutan/art-education/full-year.pdf
Grade 2	Bhutan	Government	Teacher's Guide	Art Education	teacher	https://github.com/tensae-code/liqlearns-textbooks/blob/main/grade-02/gov/bhutan/art-education/full-year-teacher-guide.pdf
Grade 2	Bhutan	Government	Teacher's Guide	Mathematics	teacher	https://github.com/tensae-code/liqlearns-textbooks/blob/main/grade-02/gov/bhutan/mathematics/full-year-teacher-guide.pdf
Grade 2	Bhutan	Government	Teacher's Guide	རྫོང་ཁ།	teacher	https://github.com/tensae-code/liqlearns-textbooks/blob/main/grade-02/gov/bhutan/dzongkha/full-year-teacher-guide.pdf
Grade 2	Bhutan	Government	Teacher's Handbook	Values and Citizenship Education	teacher	https://github.com/tensae-code/liqlearns-textbooks/blob/main/grade-02/gov/bhutan/values-and-citizenship-education/full-year-teacher-guide.pdf
Grade 2	Cabo Verde	Government	Manual de Língua Portuguesa 2.º ano	Portuguese Language	student	https://github.com/tensae-code/liqlearns-textbooks/blob/main/grade-02/gov/cabo-verde/portuguese/full-year.pdf
Grade 2	Cuba	Government	Lectura - Segundo grado	Spanish Language	student	https://github.com/tensae-code/liqlearns-textbooks/releases/download/full-quality-oversized-books/cuba-grade-02-spanish-language-reading.pdf
Grade 2	Cyprus	Government	Μαθηματικά Β' Δημοτικού — Οδηγός Εκπαιδευτικού, Ενότητα 1 (Mathematics Β' Δημοτικού — Teacher guide, Ενότητα 1)	Mathematics	teacher	https://github.com/tensae-code/liqlearns-textbooks/blob/main/grade-02/gov/cyprus/mathematics/teacher-guide/unit-1.pdf
Grade 2	Ethiopia	Government	Grade 2 English Student Textbook	English	student	https://github.com/tensae-code/liqlearns-textbooks/blob/main/grade-02/gov/ethiopia/english/student/full-year.pdf
Grade 2	Ethiopia	Government	Grade 2 Environmental Science Student Textbook	Environmental Science	student	https://github.com/tensae-code/liqlearns-textbooks/blob/main/grade-02/gov/ethiopia/environmental-science/student/full-year.pdf
Grade 2	Ethiopia	Government	Grade 2 Health and Physical Education Student Textbook	Health and Physical Education	student	https://github.com/tensae-code/liqlearns-textbooks/blob/main/grade-02/gov/ethiopia/health-and-physical-education/student/full-year.pdf
Grade 2	Ethiopia	Government	Grade 2 Mathematics Student Textbook	Mathematics	student	https://github.com/tensae-code/liqlearns-textbooks/blob/main/grade-02/gov/ethiopia/mathematics/student/full-year.pdf
Grade 2	Ethiopia	Government	Grade 2 Visual and Performing Art Student Textbook	Visual and Performing Art	student	https://github.com/tensae-code/liqlearns-textbooks/blob/main/grade-02/gov/ethiopia/visual-and-performing-art/student/full-year.pdf
Grade 2	Iran	Government	Heaven's Gifts (Islamic Education), Grade 2 (Iran, 1405-1406)	Islamic Education	student	https://github.com/tensae-code/liqlearns-textbooks/blob/main/grade-02/gov/iran/islamic-education/full-year.pdf
Grade 2	Iran	Government	Heaven's Gifts (religious minorities), Grade 2 (Iran, 1405-1406)	Islamic Education	student	https://github.com/tensae-code/liqlearns-textbooks/blob/main/grade-02/gov/iran/islamic-education/religious-minorities/full-year.pdf
Grade 2	Iran	Government	Heaven's Gifts supplement (Sunni), Grade 2 (Iran, 1405-1406)	Islamic Education	student	https://github.com/tensae-code/liqlearns-textbooks/blob/main/grade-02/gov/iran/islamic-education/sunni-supplement/full-year.pdf
Grade 2	Iran	Government	Mathematics, Grade 2 (Iran, 1405-1406)	Mathematics	student	https://github.com/tensae-code/liqlearns-textbooks/blob/main/grade-02/gov/iran/mathematics/full-year.pdf
Grade 2	Iran	Government	Persian Writing, Grade 2 (Iran, 1405-1406)	Persian Writing	student	https://github.com/tensae-code/liqlearns-textbooks/blob/main/grade-02/gov/iran/persian-writing/full-year.pdf
Grade 2	Iran	Government	Persian, Grade 2 (Iran, 1405-1406)	Persian	student	https://github.com/tensae-code/liqlearns-textbooks/blob/main/grade-02/gov/iran/persian/full-year.pdf
Grade 2	Iran	Government	Quran Learning, Grade 2 (Iran, 1405-1406)	Quran Learning	student	https://github.com/tensae-code/liqlearns-textbooks/blob/main/grade-02/gov/iran/quran-learning/full-year.pdf
Grade 2	Iran	Government	Science, Grade 2 (Iran, 1405-1406)	Science	student	https://github.com/tensae-code/liqlearns-textbooks/blob/main/grade-02/gov/iran/science/full-year.pdf
Grade 2	Jamaica	Government	Another Family	Literacy (Language Development and Literacy)	student	https://github.com/tensae-code/liqlearns-textbooks/blob/main/grade-02/gov/jamaica/literacy/another-family.pdf
Grade 2	Jamaica	Government	Big and Strong	Literacy (Language Development and Literacy)	student	https://github.com/tensae-code/liqlearns-textbooks/blob/main/grade-02/gov/jamaica/literacy/big-and-strong.pdf
Grade 2	Jamaica	Government	School Rules	Literacy (Language Development and Literacy)	student	https://github.com/tensae-code/liqlearns-textbooks/blob/main/grade-02/gov/jamaica/literacy/school-rules.pdf
Grade 2	Jamaica	Government	The Library	Literacy (Language Development and Literacy)	student	https://github.com/tensae-code/liqlearns-textbooks/blob/main/grade-02/gov/jamaica/literacy/the-library.pdf
Grade 2	Mauritius	Government	Road Safety Education Pupil's Book	Road Safety Education	student	https://github.com/tensae-code/liqlearns-textbooks/blob/main/grade-02/gov/mauritius/road-safety-education/pupil-full-year.pdf
Grade 2	Mauritius	Government	Road Safety Education Teacher's Book	Road Safety Education	teacher	https://github.com/tensae-code/liqlearns-textbooks/blob/main/grade-02/gov/mauritius/road-safety-education/teacher-full-year.pdf
Grade 2	Nepal	Government	Mero Ganit Kaksha 2 (My Mathematics Grade 2)	Mathematics	student	https://github.com/tensae-code/liqlearns-textbooks/blob/main/grade-02/gov/nepal/mathematics/full-year.pdf
Grade 2	Nepal	Government	Mero Nepali Kaksha 2 (My Nepali Grade 2)	Nepali	student	https://github.com/tensae-code/liqlearns-textbooks/blob/main/grade-02/gov/nepal/nepali/full-year.pdf
Grade 2	Nepal	Government	My English Book Grade 2	English	student	https://github.com/tensae-code/liqlearns-textbooks/blob/main/grade-02/gov/nepal/english/full-year.pdf
Grade 2	Nepal	Government	My Mathematics Grade 2 (English Version)	Mathematics	student	https://github.com/tensae-code/liqlearns-textbooks/blob/main/grade-02/gov/nepal/mathematics/english-medium/full-year.pdf
Grade 2	Nepal	Government	My Science, Health and Physical Education Grade 2 (English Version)	Science, Health and Physical Education	student	https://github.com/tensae-code/liqlearns-textbooks/blob/main/grade-02/gov/nepal/science-health-physical-education/english-medium/full-year.pdf
Grade 2	Nepal	Government	My Social Studies and Creative Arts Grade 2 (English Version)	Social Studies and Creative Arts	student	https://github.com/tensae-code/liqlearns-textbooks/blob/main/grade-02/gov/nepal/social-studies-and-creative-arts/english-medium/full-year.pdf
Grade 2	Nepal	Government	Shikshak Nirdeshika Hamro Serofero Kaksha 2 (Teacher's Guide Our Surroundings Grade 2)	Our Surroundings (Hamro Serofero)	teacher	https://github.com/tensae-code/liqlearns-textbooks/blob/main/grade-02/gov/nepal/our-surroundings/full-year-teacher-guide.pdf
Grade 2	Nepal	Government	Shikshak Nirdeshika Mero Vigyan, Swasthya ra Sharirik Shiksha Kaksha 2 (Teacher's Guide Science, Health and Physical Education Grade 2)	Science, Health and Physical Education	teacher	https://github.com/tensae-code/liqlearns-textbooks/blob/main/grade-02/gov/nepal/science-health-physical-education/full-year-teacher-guide.pdf
Grade 2	Nepal	Government	Teacher Guide Grade 2 Mero Ganit (2079)	Mathematics	teacher	https://github.com/tensae-code/liqlearns-textbooks/blob/main/grade-02/gov/nepal/mathematics/full-year-teacher-guide.pdf
Grade 2	Nepal	Government	Teacher's Guide My English Book Grade 2	English	teacher	https://github.com/tensae-code/liqlearns-textbooks/blob/main/grade-02/gov/nepal/english/full-year-teacher-guide.pdf
Grade 2	Palestine	Government	Arabic Language — Grade 2, Part 1 (Semester 1)	Arabic Language	student	https://github.com/tensae-code/liqlearns-textbooks/blob/main/grade-02/gov/palestine/arabic-language/quarter-1-2.pdf
Grade 2	Palestine	Government	Arabic Language — Grade 2, Part 2 (Semester 2)	Arabic Language	student	https://github.com/tensae-code/liqlearns-textbooks/blob/main/grade-02/gov/palestine/arabic-language/quarter-3-4.pdf
Grade 2	Palestine	Government	English — Grade 2, Blended Learning Module 2 (supplementary)	English	student	https://github.com/tensae-code/liqlearns-textbooks/blob/main/grade-02/gov/palestine/english/blended-learning-module-2.pdf
Grade 2	Palestine	Government	English — Grade 2, Part 1 (Semester 1)	English	student	https://github.com/tensae-code/liqlearns-textbooks/blob/main/grade-02/gov/palestine/english/quarter-1-2.pdf
Grade 2	Sierra Leone	Government	Primary 2 Language Arts Lesson Plans (Term 1)	Language Arts	teacher	https://github.com/tensae-code/liqlearns-textbooks/blob/main/grade-02/gov/sierra-leone/language-arts/teacher/term-1.pdf
Grade 2	Sierra Leone	Government	Primary 2 Language Arts Lesson Plans (Term 2)	Language Arts	teacher	https://github.com/tensae-code/liqlearns-textbooks/blob/main/grade-02/gov/sierra-leone/language-arts/teacher/term-2.pdf
Grade 2	Sierra Leone	Government	Primary 2 Language Arts Lesson Plans (Term 3)	Language Arts	teacher	https://github.com/tensae-code/liqlearns-textbooks/blob/main/grade-02/gov/sierra-leone/language-arts/teacher/term-3.pdf
Grade 2	Sierra Leone	Government	Primary 2 Mathematics Lesson Plans (Term 1)	Mathematics	teacher	https://github.com/tensae-code/liqlearns-textbooks/blob/main/grade-02/gov/sierra-leone/mathematics/teacher/term-1.pdf
Grade 2	Sierra Leone	Government	Primary 2 Mathematics Lesson Plans (Term 2)	Mathematics	teacher	https://github.com/tensae-code/liqlearns-textbooks/blob/main/grade-02/gov/sierra-leone/mathematics/teacher/term-2.pdf
Grade 2	Sierra Leone	Government	Primary 2 Mathematics Lesson Plans (Term 3)	Mathematics	teacher	https://github.com/tensae-code/liqlearns-textbooks/blob/main/grade-02/gov/sierra-leone/mathematics/teacher/term-3.pdf
Grade 2	South Africa	Government	DBE Rainbow Workbook — English Home Language, Grade 2, Workbook 1 (Terms 1-2)	English Home Language	student	https://github.com/tensae-code/liqlearns-textbooks/blob/main/grade-02/gov/south-africa/home-language/quarter-1-2.pdf
Grade 2	South Africa	Government	DBE Rainbow Workbook — Mathematics, Grade 2, Workbook 1 (Terms 1-2)	Mathematics	student	https://github.com/tensae-code/liqlearns-textbooks/blob/main/grade-02/gov/south-africa/mathematics/quarter-1-2.pdf
Grade 2	South Africa	Government	DBE Rainbow Workbook — Mathematics, Grade 2, Workbook 2 (Terms 3-4)	Mathematics	student	https://github.com/tensae-code/liqlearns-textbooks/blob/main/grade-02/gov/south-africa/mathematics/quarter-3-4.pdf
Grade 2	South Sudan	Government	South Sudan Primary 2 English Teacher's Guide	English	teacher	https://github.com/tensae-code/liqlearns-textbooks/blob/main/grade-02/gov/south-sudan/english/full-year-teacher-guide.pdf
Grade 2	Trinidad and Tobago	Government	Primary School Curriculum - Curriculum Guides: Infants 2	Curriculum Guide	teacher	https://github.com/tensae-code/liqlearns-textbooks/blob/main/grade-02/gov/trinidad-tobago/curriculum-guide/full-year.pdf
Grade 2	Turkey	Government	Hayat Bilgisi 2. Sinif - Semester 1 (1. Kitap)	Life Studies	student	https://github.com/tensae-code/liqlearns-textbooks/blob/main/grade-02/gov/turkey/life-studies/quarter-1-2.pdf
Grade 2	Turkey	Government	Muzik 2. Sinif - Full year	Music	student	https://github.com/tensae-code/liqlearns-textbooks/blob/main/grade-02/gov/turkey/music/full-year.pdf
Grade 2	Turkey	Government	Turkce 2. Sinif - Semester 1 (1. Kitap)	Turkish	student	https://github.com/tensae-code/liqlearns-textbooks/blob/main/grade-02/gov/turkey/turkish/quarter-1-2.pdf
Grade 2	Uruguay	Government	Cuaderno para leer y escribir en segundo (CLE 2 - Mulita)	Spanish language	student	https://github.com/tensae-code/liqlearns-textbooks/blob/main/grade-02/gov/uruguay/spanish-language/reading-writing/student-full-year.pdf
Grade 2	Uruguay	Government	Cuadernos para leer y escribir 1, 2 y 3 en diseno universal para el aprendizaje: Especificaciones para docentes	Spanish language	teacher	https://github.com/tensae-code/liqlearns-textbooks/blob/main/grade-02/gov/uruguay/spanish-language/reading-writing/teacher-full-year.pdf
Grade 2	Vanuatu	Government	Bislama Spelling Dictionary (2007) — official spelling reference	Language and Communication	teacher	https://github.com/tensae-code/liqlearns-textbooks/blob/main/grade-02/gov/vanuatu/language-and-communication/bislama-spelling-dictionary.pdf
Grade 2	Vanuatu	Government	Tija Gaed blong Laef long Komyuniti Yia 2 (Teacher Guide for Living in Community, Year 2)	Living in Community	teacher	https://github.com/tensae-code/liqlearns-textbooks/blob/main/grade-02/gov/vanuatu/living-in-community/full-year.pdf
Grade 2	Vanuatu	Government	Tija Gaed blong Lanwis mo Komyunikesen Yia 2 (Teacher Guide for Language and Communication, Year 2)	Language and Communication	teacher	https://github.com/tensae-code/liqlearns-textbooks/blob/main/grade-02/gov/vanuatu/language-and-communication/full-year.pdf
Grade 2	Venezuela	Government	CIENCIAS NATURALES — Propuestas de contenidos para la enseñanza y aprendizajes esperados (Documento para la consulta), Septiembre 2025	Natural Sciences	teacher	https://github.com/tensae-code/liqlearns-textbooks/blob/main/grade-02/gov/venezuela/natural-sciences/full-year.pdf
Grade 2	Venezuela	Government	IDENTIDAD — Propuestas de contenidos para la enseñanza y aprendizajes esperados (Documento para la consulta), Septiembre 2025	Identity	teacher	https://github.com/tensae-code/liqlearns-textbooks/blob/main/grade-02/gov/venezuela/identity/full-year.pdf
Grade 2	Venezuela	Government	MATEMÁTICA — Propuestas de contenidos para la enseñanza y aprendizajes esperados (Documento para la consulta), Septiembre 2025	Mathematics	teacher	https://github.com/tensae-code/liqlearns-textbooks/blob/main/grade-02/gov/venezuela/mathematics/full-year.pdf
Grade 2	Venezuela	Government	PRÁCTICAS DEL LENGUAJE — Propuestas de contenidos para la enseñanza y aprendizajes esperados (Documento para la consulta), Septiembre 2025	Language	teacher	https://github.com/tensae-code/liqlearns-textbooks/blob/main/grade-02/gov/venezuela/language/full-year.pdf
Grade 2	Zambia	Government	Braille Grade 4 Term 2	Braille	student	https://github.com/tensae-code/liqlearns-textbooks/blob/main/grade-02/gov/zambia/braille/term-2-braille.pdf
Grade 2	Zambia	Government	Chitonga Teaching Module Grade 2 Term 3	Zambian Language	teacher	https://github.com/tensae-code/liqlearns-textbooks/blob/main/grade-02/gov/zambia/zambian-language/term-3-6.pdf
Grade 2	Zambia	Government	Cinyanja Teaching Module Grade 2 Term 3	Zambian Language	teacher	https://github.com/tensae-code/liqlearns-textbooks/blob/main/grade-02/gov/zambia/zambian-language/term-3-5.pdf
Grade 2	Zambia	Government	Creative and Technology Studies Teaching Module Grade 2 Term 3	Creative and Technology Studies	teacher	https://github.com/tensae-code/liqlearns-textbooks/blob/main/grade-02/gov/zambia/creative-and-technology-studies/term-3.pdf
Grade 2	Zambia	Government	Icibemba Grade 2 Teaching Module Term 3	Zambian Language	teacher	https://github.com/tensae-code/liqlearns-textbooks/blob/main/grade-02/gov/zambia/zambian-language/term-3-7.pdf
Grade 2	Zambia	Government	Kikaonde Teaching Module Grade 2 Term 3	Zambian Language	teacher	https://github.com/tensae-code/liqlearns-textbooks/blob/main/grade-02/gov/zambia/zambian-language/term-3.pdf
Grade 2	Zambia	Government	Literacy in English Language Teaching Module Grade 2 Term 3	English Language	teacher	https://github.com/tensae-code/liqlearns-textbooks/blob/main/grade-02/gov/zambia/english-language/term-3-2.pdf
Grade 2	Zambia	Government	Lunda Grade 2 Teaching Module Term 3	Zambian Language	teacher	https://github.com/tensae-code/liqlearns-textbooks/blob/main/grade-02/gov/zambia/zambian-language/term-3-2.pdf
Grade 2	Zambia	Government	Luvale Mango 2 Teaching Module Term 3	Zambian Language	teacher	https://github.com/tensae-code/liqlearns-textbooks/blob/main/grade-02/gov/zambia/zambian-language/term-3-3.pdf
Grade 2	Zambia	Government	Mathematics and Science Teaching Module Grade 2 Term 3	Mathematics and Science	teacher	https://github.com/tensae-code/liqlearns-textbooks/blob/main/grade-02/gov/zambia/mathematics-and-science/term-3.pdf
Grade 2	Zambia	Government	Oral English Language Teaching Module Grade 2 Term 3	English Language	teacher	https://github.com/tensae-code/liqlearns-textbooks/blob/main/grade-02/gov/zambia/english-language/term-3.pdf
Grade 2	Zambia	Government	Silozi Grade 2 Teaching Module Term 3	Zambian Language	teacher	https://github.com/tensae-code/liqlearns-textbooks/blob/main/grade-02/gov/zambia/zambian-language/term-3-4.pdf
Grade 3	Argentina	Government	El ombúlobo: orientaciones para docentes (Historias x leer, 3er año/grado)	Literature / Reading	teacher	https://github.com/tensae-code/liqlearns-textbooks/blob/main/grade-03/gov/argentina/literature/el-ombulobo/full-year.pdf
Grade 3	Bangladesh	Government	Class 3 Bangla (Bangla Version)	Bangla	student	https://github.com/tensae-code/liqlearns-textbooks/blob/main/grade-03/gov/bangladesh/bangla/bangla-version/full-year.pdf
Grade 3	Bangladesh	Government	Class 3 Bangladesh and Global Studies (Bangla Version)	Bangladesh and Global Studies	student	https://github.com/tensae-code/liqlearns-textbooks/blob/main/grade-03/gov/bangladesh/bangladesh-global-studies/bangla-version/full-year.pdf
Grade 3	Bangladesh	Government	Class 3 Bangladesh and Global Studies (English Version)	Bangladesh and Global Studies	student	https://github.com/tensae-code/liqlearns-textbooks/blob/main/grade-03/gov/bangladesh/bangladesh-global-studies/english-version/full-year.pdf
Grade 3	Bangladesh	Government	Class 3 Buddhist Religion Studies (Bangla Version)	Buddhist Religion Studies	student	https://github.com/tensae-code/liqlearns-textbooks/blob/main/grade-03/gov/bangladesh/religion-buddhism/bangla-version/full-year.pdf
Grade 3	Bangladesh	Government	Class 3 Buddhist Religion Studies (English Version)	Buddhist Religion Studies	student	https://github.com/tensae-code/liqlearns-textbooks/blob/main/grade-03/gov/bangladesh/religion-buddhism/english-version/full-year.pdf
Grade 3	Bangladesh	Government	Class 3 Christian Religion Studies (Bangla Version)	Christian Religion Studies	student	https://github.com/tensae-code/liqlearns-textbooks/blob/main/grade-03/gov/bangladesh/religion-christianity/bangla-version/full-year.pdf
Grade 3	Bangladesh	Government	Class 3 Christian Religion Studies (English Version)	Christian Religion Studies	student	https://github.com/tensae-code/liqlearns-textbooks/blob/main/grade-03/gov/bangladesh/religion-christianity/english-version/full-year.pdf
Grade 3	Bangladesh	Government	Class 3 English (Bangla Version)	English	student	https://github.com/tensae-code/liqlearns-textbooks/blob/main/grade-03/gov/bangladesh/english/bangla-version/full-year.pdf
Grade 3	Bangladesh	Government	Class 3 Hindu Religion Studies (Bangla Version)	Hindu Religion Studies	student	https://github.com/tensae-code/liqlearns-textbooks/blob/main/grade-03/gov/bangladesh/religion-hinduism/bangla-version/full-year.pdf
Grade 3	Bangladesh	Government	Class 3 Hindu Religion Studies (English Version)	Hindu Religion Studies	student	https://github.com/tensae-code/liqlearns-textbooks/blob/main/grade-03/gov/bangladesh/religion-hinduism/english-version/full-year.pdf
Grade 3	Bangladesh	Government	Class 3 Islam Religion Studies (Bangla Version)	Islam Religion Studies	student	https://github.com/tensae-code/liqlearns-textbooks/blob/main/grade-03/gov/bangladesh/religion-islam/bangla-version/full-year.pdf
Grade 3	Bangladesh	Government	Class 3 Islam Religion Studies (English Version)	Islam Religion Studies	student	https://github.com/tensae-code/liqlearns-textbooks/blob/main/grade-03/gov/bangladesh/religion-islam/english-version/full-year.pdf
Grade 3	Bangladesh	Government	Class 3 Mathematics (Bangla Version)	Mathematics	student	https://github.com/tensae-code/liqlearns-textbooks/blob/main/grade-03/gov/bangladesh/mathematics/bangla-version/full-year.pdf
Grade 3	Bangladesh	Government	Class 3 Mathematics (English Version)	Mathematics	student	https://github.com/tensae-code/liqlearns-textbooks/blob/main/grade-03/gov/bangladesh/mathematics/english-version/full-year.pdf
Grade 3	Bangladesh	Government	Class 3 Science (Bangla Version)	Science	student	https://github.com/tensae-code/liqlearns-textbooks/blob/main/grade-03/gov/bangladesh/science/bangla-version/full-year.pdf
Grade 3	Bangladesh	Government	Class 3 Science (English Version)	Science	student	https://github.com/tensae-code/liqlearns-textbooks/blob/main/grade-03/gov/bangladesh/science/english-version/full-year.pdf
Grade 3	Bhutan	Government	Lashog	རྫོང་ཁ།	student	https://github.com/tensae-code/liqlearns-textbooks/blob/main/grade-03/gov/bhutan/dzongkha/lashog.pdf
Grade 3	Bhutan	Government	Lhog Jang	རྫོང་ཁ།	student	https://github.com/tensae-code/liqlearns-textbooks/blob/main/grade-03/gov/bhutan/dzongkha/lhog-jang.pdf
Grade 3	Bhutan	Government	Teacher's Guide	Art Education	teacher	https://github.com/tensae-code/liqlearns-textbooks/blob/main/grade-03/gov/bhutan/art-education/full-year-teacher-guide.pdf
Grade 3	Cabo Verde	Government	Caderno Experimental de Língua Portuguesa 3.º ano	Portuguese Language	student	https://github.com/tensae-code/liqlearns-textbooks/blob/main/grade-03/gov/cabo-verde/portuguese/experimental-workbook/full-year.pdf
Grade 3	Cabo Verde	Government	Guia de Atividades Científicas 3.º ano	Science Activity Guide	teacher	https://github.com/tensae-code/liqlearns-textbooks/blob/main/grade-03/gov/cabo-verde/science-activity-guide/teacher-guide.pdf
Grade 3	Costa Rica	Approved private	Relaciones y Álgebra. Educación virtual para estudiantes de tercer año de primaria (EVEPRIM 3) — Escuela de Matemática, Instituto Tecnológico de Costa Rica	Mathematics	student	https://github.com/tensae-code/liqlearns-textbooks/blob/main/grade-03/approved-private/costa-rica/mathematics/full-year.pdf
Grade 3	Cuba	Government	Lectura 3er grado	Spanish Language	student	https://github.com/tensae-code/liqlearns-textbooks/blob/main/grade-03/gov/cuba/spanish-language/reading/full-year.pdf
Grade 3	Eritrea	Approved private	Tigrigna Mother Tongue - Grade 3 (Student's Book)	Mother Tongue (Tigrigna)	student	https://github.com/tensae-code/liqlearns-textbooks/blob/main/grade-03/approved-private/eritrea/tigrigna-mother-tongue/full-year.pdf
Grade 3	Ethiopia	Government	Grade 3 Amharic Student Textbook	Amharic	student	https://github.com/tensae-code/liqlearns-textbooks/blob/main/grade-03/gov/ethiopia/amharic/student/full-year.pdf
Grade 3	Ethiopia	Government	Grade 3 English Student Textbook	English	student	https://github.com/tensae-code/liqlearns-textbooks/blob/main/grade-03/gov/ethiopia/english/student/full-year.pdf
Grade 3	Ethiopia	Government	Grade 3 Environmental Science Student Textbook	Environmental Science	student	https://github.com/tensae-code/liqlearns-textbooks/blob/main/grade-03/gov/ethiopia/environmental-science/student/full-year.pdf
Grade 3	Ethiopia	Government	Grade 3 Health and Physical Education Student Textbook	Health and Physical Education	student	https://github.com/tensae-code/liqlearns-textbooks/blob/main/grade-03/gov/ethiopia/health-and-physical-education/student/full-year.pdf
Grade 3	Ethiopia	Government	Grade 3 Mathematics Student Textbook	Mathematics	student	https://github.com/tensae-code/liqlearns-textbooks/blob/main/grade-03/gov/ethiopia/mathematics/student/full-year.pdf
Grade 3	Ethiopia	Government	Grade 3 Visual and Performing Art Student Textbook	Visual and Performing Art	student	https://github.com/tensae-code/liqlearns-textbooks/blob/main/grade-03/gov/ethiopia/visual-and-performing-art/student/full-year.pdf
Grade 3	Ghana	Government	JICA Primary Mathematics Teacher Manual B3 — hosted on the Ministry of Education curriculum portal, Ghana	Mathematics	teacher	https://github.com/tensae-code/liqlearns-textbooks/blob/main/grade-03/gov/ghana/mathematics/teacher-manual.pdf
Grade 3	Iran	Government	Heaven's Gifts supplement (Sunni), Grade 3 (Iran, 1405-1406)	Islamic Education	student	https://github.com/tensae-code/liqlearns-textbooks/blob/main/grade-03/gov/iran/islamic-education/sunni-supplement/full-year.pdf
Grade 3	Iran	Government	Persian Writing, Grade 3 (Iran, 1405-1406)	Persian Writing	student	https://github.com/tensae-code/liqlearns-textbooks/blob/main/grade-03/gov/iran/persian-writing/full-year.pdf
Grade 3	Mauritius	Government	Road Safety Education Pupil's Book	Road Safety Education	student	https://github.com/tensae-code/liqlearns-textbooks/blob/main/grade-03/gov/mauritius/road-safety-education/pupil-full-year.pdf
Grade 3	Mauritius	Government	Road Safety Education Teacher's Book	Road Safety Education	teacher	https://github.com/tensae-code/liqlearns-textbooks/blob/main/grade-03/gov/mauritius/road-safety-education/teacher-full-year.pdf
Grade 3	Nepal	Government	Hamro Serofero Kaksha 3 (Our Surroundings Grade 3)	Our Surroundings (Hamro Serofero)	student	https://github.com/tensae-code/liqlearns-textbooks/blob/main/grade-03/gov/nepal/our-surroundings/full-year.pdf
Grade 3	Nepal	Government	My English Book Grade 3	English	student	https://github.com/tensae-code/liqlearns-textbooks/blob/main/grade-03/gov/nepal/english/full-year.pdf
Grade 3	Nepal	Government	My Mathematics Grade 3	Mathematics	student	https://github.com/tensae-code/liqlearns-textbooks/blob/main/grade-03/gov/nepal/mathematics/full-year.pdf
Grade 3	Nepal	Government	My Mathematics Grade 3 (English Version)	Mathematics	student	https://github.com/tensae-code/liqlearns-textbooks/blob/main/grade-03/gov/nepal/mathematics/english-medium/full-year.pdf
Grade 3	Nepal	Government	My Science, Health and Physical Education Grade 3	Science, Health and Physical Education	student	https://github.com/tensae-code/liqlearns-textbooks/blob/main/grade-03/gov/nepal/science-health-physical-education/full-year.pdf
Grade 3	Nepal	Government	My Social Studies and Creative Arts Grade 3	Social Studies and Creative Arts	student	https://github.com/tensae-code/liqlearns-textbooks/blob/main/grade-03/gov/nepal/social-studies-and-creative-arts/full-year.pdf
Grade 3	Nepal	Government	Teacher's Guide Grade 3 Hamro Serofero	Our Surroundings (Hamro Serofero)	teacher	https://github.com/tensae-code/liqlearns-textbooks/blob/main/grade-03/gov/nepal/our-surroundings/full-year-teacher-guide.pdf
Grade 3	Nepal	Government	Teacher's Guide My English Book Grade 3	English	teacher	https://github.com/tensae-code/liqlearns-textbooks/blob/main/grade-03/gov/nepal/english/full-year-teacher-guide.pdf
Grade 3	Papua New Guinea	Government	Science Grade 3 Teacher's Manual	Science	teacher	https://github.com/tensae-code/liqlearns-textbooks/blob/main/grade-03/gov/papua-new-guinea/science/full-year-teacher-guide.pdf
Grade 3	Papua New Guinea	Government	Science Grade 3 Textbook	Science	student	https://github.com/tensae-code/liqlearns-textbooks/blob/main/grade-03/gov/papua-new-guinea/science/full-year.pdf
Grade 3	Sierra Leone	Government	Primary 3 Language Arts Lesson Plans (Term 1)	Language Arts	teacher	https://github.com/tensae-code/liqlearns-textbooks/blob/main/grade-03/gov/sierra-leone/language-arts/teacher/term-1.pdf
Grade 3	Sierra Leone	Government	Primary 3 Language Arts Lesson Plans (Term 2)	Language Arts	teacher	https://github.com/tensae-code/liqlearns-textbooks/blob/main/grade-03/gov/sierra-leone/language-arts/teacher/term-2.pdf
Grade 3	Sierra Leone	Government	Primary 3 Language Arts Lesson Plans (Term 3)	Language Arts	teacher	https://github.com/tensae-code/liqlearns-textbooks/blob/main/grade-03/gov/sierra-leone/language-arts/teacher/term-3.pdf
Grade 3	Sierra Leone	Government	Primary 3 Mathematics Lesson Plans (Term 1)	Mathematics	teacher	https://github.com/tensae-code/liqlearns-textbooks/blob/main/grade-03/gov/sierra-leone/mathematics/teacher/term-1.pdf
Grade 3	Sierra Leone	Government	Primary 3 Mathematics Lesson Plans (Term 2)	Mathematics	teacher	https://github.com/tensae-code/liqlearns-textbooks/blob/main/grade-03/gov/sierra-leone/mathematics/teacher/term-2.pdf
Grade 3	Sierra Leone	Government	Primary 3 Mathematics Lesson Plans (Term 3)	Mathematics	teacher	https://github.com/tensae-code/liqlearns-textbooks/blob/main/grade-03/gov/sierra-leone/mathematics/teacher/term-3.pdf
Grade 3	South Africa	Government	DBE Rainbow Workbook — English Home Language, Grade 3, Workbook 1 (Terms 1-2)	English Home Language	student	https://github.com/tensae-code/liqlearns-textbooks/blob/main/grade-03/gov/south-africa/home-language/quarter-1-2.pdf
Grade 3	South Africa	Government	DBE Rainbow Workbook — English Home Language, Grade 3, Workbook 2 (Terms 3-4)	English Home Language	student	https://github.com/tensae-code/liqlearns-textbooks/releases/download/full-quality-oversized-books/south-africa-grade-03-home-language-quarter-3-4.pdf
Grade 3	South Africa	Government	DBE Rainbow Workbook — Life Skills (English), Grade 3, Workbook 1 (Terms 1-2)	Life Skills	student	https://github.com/tensae-code/liqlearns-textbooks/blob/main/grade-03/gov/south-africa/life-skills/quarter-1-2.pdf
Grade 3	South Africa	Government	DBE Rainbow Workbook — Mathematics, Grade 3, Workbook 2 (Terms 3-4)	Mathematics	student	https://github.com/tensae-code/liqlearns-textbooks/blob/main/grade-03/gov/south-africa/mathematics/quarter-3-4.pdf
Grade 3	Suriname	Government	OJW Leerjaar 3 — Leerlingenwerkboek	Social studies (Oriëntatie op jezelf en de wereld)	student	https://github.com/tensae-code/liqlearns-textbooks/blob/main/grade-03/gov/suriname/social-studies/student-leerlingenwerkboek.pdf
Grade 3	Suriname	Government	Rekenen Leerjaar 3 — Leerlingenwerkboek 1	Mathematics	student	https://github.com/tensae-code/liqlearns-textbooks/blob/main/grade-03/gov/suriname/mathematics/student-werkboek-1.pdf
Grade 3	Suriname	Government	Schrijfschrift 1a	Writing	student	https://github.com/tensae-code/liqlearns-textbooks/blob/main/grade-03/gov/suriname/writing/student-schrijfschrift-1a.pdf
Grade 3	Suriname	Government	Taal met plezier — Werkboekje 1	Language (Dutch)	student	https://github.com/tensae-code/liqlearns-textbooks/blob/main/grade-03/gov/suriname/language/student-werkboekje-1.pdf
Grade 3	Trinidad and Tobago	Government	Primary School Curriculum - Curriculum Guides: Standard 1	Curriculum Guide	teacher	https://github.com/tensae-code/liqlearns-textbooks/blob/main/grade-03/gov/trinidad-tobago/curriculum-guide/full-year.pdf
Grade 3	Turkey	Government	Matematik 3. Sinif - Semester 1 (1. Kitap)	Mathematics	student	https://github.com/tensae-code/liqlearns-textbooks/blob/main/grade-03/gov/turkey/mathematics/quarter-1-2.pdf
Grade 3	Uruguay	Government	Cuaderno para leer y escribir en tercero (CLE 3 - Guazubira)	Spanish language	student	https://github.com/tensae-code/liqlearns-textbooks/blob/main/grade-03/gov/uruguay/spanish-language/reading-writing/student-full-year.pdf
Grade 3	Uruguay	Government	Cuadernos para leer y escribir 1, 2 y 3 en diseno universal para el aprendizaje: Especificaciones para docentes	Spanish language	teacher	https://github.com/tensae-code/liqlearns-textbooks/blob/main/grade-03/gov/uruguay/spanish-language/reading-writing/teacher-full-year.pdf
Grade 3	Vanuatu	Government	Tija Gaed blong Matematik Yia 3 (Teacher Guide for Mathematics, Year 3)	Mathematics	teacher	https://github.com/tensae-code/liqlearns-textbooks/blob/main/grade-03/gov/vanuatu/mathematics/full-year.pdf
Grade 3	Vanuatu	Government	Tija Gaed blong Saens Yia 3 (Teacher Guide for Science, Year 3)	Science	teacher	https://github.com/tensae-code/liqlearns-textbooks/blob/main/grade-03/gov/vanuatu/science/full-year.pdf
Grade 3	Venezuela	Government	CIENCIAS NATURALES — Propuestas de contenidos para la enseñanza y aprendizajes esperados (Documento para la consulta), Septiembre 2025	Natural Sciences	teacher	https://github.com/tensae-code/liqlearns-textbooks/blob/main/grade-03/gov/venezuela/natural-sciences/full-year.pdf
Grade 3	Venezuela	Government	IDENTIDAD — Propuestas de contenidos para la enseñanza y aprendizajes esperados (Documento para la consulta), Septiembre 2025	Identity	teacher	https://github.com/tensae-code/liqlearns-textbooks/blob/main/grade-03/gov/venezuela/identity/full-year.pdf
Grade 3	Venezuela	Government	MATEMÁTICA — Propuestas de contenidos para la enseñanza y aprendizajes esperados (Documento para la consulta), Septiembre 2025	Mathematics	teacher	https://github.com/tensae-code/liqlearns-textbooks/blob/main/grade-03/gov/venezuela/mathematics/full-year.pdf
Grade 3	Venezuela	Government	PRÁCTICAS DEL LENGUAJE — Propuestas de contenidos para la enseñanza y aprendizajes esperados (Documento para la consulta), Septiembre 2025	Language	teacher	https://github.com/tensae-code/liqlearns-textbooks/blob/main/grade-03/gov/venezuela/language/full-year.pdf
Grade 3	Zambia	Government	Captain Manual	Activities for Daily Living	student	https://github.com/tensae-code/liqlearns-textbooks/blob/main/grade-03/gov/zambia/activities-for-daily-living/full-year.pdf
Grade 4	Argentina	Government	Como si el ruido pudiera molestar: orientaciones para docentes (Historias x leer, 4to año/grado)	Literature / Reading	teacher	https://github.com/tensae-code/liqlearns-textbooks/blob/main/grade-04/gov/argentina/literature/como-si-el-ruido-pudiera-molestar/full-year.pdf
Grade 4	Argentina	Government	Cuadernos para el aula: NAP 2º ciclo EGB/nivel primario - Ciencias Sociales	Social Sciences	teacher	https://github.com/tensae-code/liqlearns-textbooks/blob/main/grade-04/gov/argentina/social-sciences/full-year.pdf
Grade 4	Argentina	Government	Educación Sexual Integral, nivel primario: segundo ciclo (Seguimos Educando)	Comprehensive Sexuality Education (ESI)	student	https://github.com/tensae-code/liqlearns-textbooks/blob/main/grade-04/gov/argentina/esi/full-year.pdf
Grade 4	Argentina	Government	Historias x leer en clave multimedia: orientaciones 2do ciclo	Literature / Digital literacy	teacher	https://github.com/tensae-code/liqlearns-textbooks/blob/main/grade-04/gov/argentina/literature/multimedia-orientations/full-year.pdf
Grade 4	Argentina	Government	Un plan maestro: orientaciones para docentes (Historias x leer, 4to año/grado)	Literature / Reading	teacher	https://github.com/tensae-code/liqlearns-textbooks/blob/main/grade-04/gov/argentina/literature/un-plan-maestro/full-year.pdf
Grade 4	Bangladesh	Government	Class 4 Bangla (Bangla Version)	Bangla	student	https://github.com/tensae-code/liqlearns-textbooks/blob/main/grade-04/gov/bangladesh/bangla/bangla-version/full-year.pdf
Grade 4	Bangladesh	Government	Class 4 Bangladesh and Global Studies (Bangla Version)	Bangladesh and Global Studies	student	https://github.com/tensae-code/liqlearns-textbooks/blob/main/grade-04/gov/bangladesh/bangladesh-global-studies/bangla-version/full-year.pdf
Grade 4	Bangladesh	Government	Class 4 Bangladesh and Global Studies (English Version)	Bangladesh and Global Studies	student	https://github.com/tensae-code/liqlearns-textbooks/blob/main/grade-04/gov/bangladesh/bangladesh-global-studies/english-version/full-year.pdf
Grade 4	Bangladesh	Government	Class 4 Buddhist Religion Studies (Bangla Version)	Buddhist Religion Studies	student	https://github.com/tensae-code/liqlearns-textbooks/blob/main/grade-04/gov/bangladesh/religion-buddhism/bangla-version/full-year.pdf
Grade 4	Bangladesh	Government	Class 4 Buddhist Religion Studies (English Version)	Buddhist Religion Studies	student	https://github.com/tensae-code/liqlearns-textbooks/blob/main/grade-04/gov/bangladesh/religion-buddhism/english-version/full-year.pdf
Grade 4	Bangladesh	Government	Class 4 Christian Religion Studies (Bangla Version)	Christian Religion Studies	student	https://github.com/tensae-code/liqlearns-textbooks/blob/main/grade-04/gov/bangladesh/religion-christianity/bangla-version/full-year.pdf
Grade 4	Bangladesh	Government	Class 4 Christian Religion Studies (English Version)	Christian Religion Studies	student	https://github.com/tensae-code/liqlearns-textbooks/blob/main/grade-04/gov/bangladesh/religion-christianity/english-version/full-year.pdf
Grade 4	Bangladesh	Government	Class 4 English (Bangla Version)	English	student	https://github.com/tensae-code/liqlearns-textbooks/blob/main/grade-04/gov/bangladesh/english/bangla-version/full-year.pdf
Grade 4	Bangladesh	Government	Class 4 Hindu Religion Studies (Bangla Version)	Hindu Religion Studies	student	https://github.com/tensae-code/liqlearns-textbooks/blob/main/grade-04/gov/bangladesh/religion-hinduism/bangla-version/full-year.pdf
Grade 4	Bangladesh	Government	Class 4 Hindu Religion Studies (English Version)	Hindu Religion Studies	student	https://github.com/tensae-code/liqlearns-textbooks/blob/main/grade-04/gov/bangladesh/religion-hinduism/english-version/full-year.pdf
Grade 4	Bangladesh	Government	Class 4 Islam Religion Studies (Bangla Version)	Islam Religion Studies	student	https://github.com/tensae-code/liqlearns-textbooks/blob/main/grade-04/gov/bangladesh/religion-islam/bangla-version/full-year.pdf
Grade 4	Bangladesh	Government	Class 4 Islam Religion Studies (English Version)	Islam Religion Studies	student	https://github.com/tensae-code/liqlearns-textbooks/blob/main/grade-04/gov/bangladesh/religion-islam/english-version/full-year.pdf
Grade 4	Bangladesh	Government	Class 4 Mathematics (Bangla Version)	Mathematics	student	https://github.com/tensae-code/liqlearns-textbooks/blob/main/grade-04/gov/bangladesh/mathematics/bangla-version/full-year.pdf
Grade 4	Bangladesh	Government	Class 4 Mathematics (English Version)	Mathematics	student	https://github.com/tensae-code/liqlearns-textbooks/blob/main/grade-04/gov/bangladesh/mathematics/english-version/full-year.pdf
Grade 4	Bangladesh	Government	Class 4 Science (Bangla Version)	Science	student	https://github.com/tensae-code/liqlearns-textbooks/blob/main/grade-04/gov/bangladesh/science/bangla-version/full-year.pdf
Grade 4	Bangladesh	Government	Class 4 Science (English Version)	Science	student	https://github.com/tensae-code/liqlearns-textbooks/blob/main/grade-04/gov/bangladesh/science/english-version/full-year.pdf
Grade 4	Cabo Verde	Government	Guia de Atividades Científicas 4.º ano	Science Activity Guide	teacher	https://github.com/tensae-code/liqlearns-textbooks/blob/main/grade-04/gov/cabo-verde/science-activity-guide/teacher-guide.pdf
Grade 4	Cabo Verde	Government	Manual de Ciências Integradas 4.º ano	Integrated Sciences	student	https://github.com/tensae-code/liqlearns-textbooks/blob/main/grade-04/gov/cabo-verde/integrated-sciences/full-year.pdf
Grade 4	Cabo Verde	Government	Manual de Língua Portuguesa 4.º ano	Portuguese Language	student	https://github.com/tensae-code/liqlearns-textbooks/blob/main/grade-04/gov/cabo-verde/portuguese/full-year.pdf
Grade 4	Cuba	Government	English, Come! 4to grado	English	student	https://github.com/tensae-code/liqlearns-textbooks/blob/main/grade-04/gov/cuba/english/full-year.pdf
Grade 4	Cuba	Government	Lectura 4to grado	Spanish Language	student	https://github.com/tensae-code/liqlearns-textbooks/releases/download/full-quality-oversized-books/cuba-grade-04-spanish-language-reading.pdf
Grade 4	Cuba	Government	Matemática 4to grado	Mathematics	student	https://github.com/tensae-code/liqlearns-textbooks/blob/main/grade-04/gov/cuba/mathematics/full-year.pdf
Grade 4	Ethiopia	Government	Grade 4 Amharic Student Textbook	Amharic	student	https://github.com/tensae-code/liqlearns-textbooks/blob/main/grade-04/gov/ethiopia/amharic/student/full-year.pdf
Grade 4	Ethiopia	Government	Grade 4 English Student Textbook	English	student	https://github.com/tensae-code/liqlearns-textbooks/blob/main/grade-04/gov/ethiopia/english/student/full-year.pdf
Grade 4	Ethiopia	Government	Grade 4 Environmental Science Student Textbook	Environmental Science	student	https://github.com/tensae-code/liqlearns-textbooks/blob/main/grade-04/gov/ethiopia/environmental-science/student/full-year.pdf
Grade 4	Ethiopia	Government	Grade 4 Health and Physical Education Student Textbook	Health and Physical Education	student	https://github.com/tensae-code/liqlearns-textbooks/blob/main/grade-04/gov/ethiopia/health-and-physical-education/student/full-year.pdf
Grade 4	Ethiopia	Government	Grade 4 Mathematics Student Textbook	Mathematics	student	https://github.com/tensae-code/liqlearns-textbooks/blob/main/grade-04/gov/ethiopia/mathematics/student/full-year.pdf
Grade 4	Ethiopia	Government	Grade 4 Visual and Performing Art Student Textbook	Visual and Performing Art	student	https://github.com/tensae-code/liqlearns-textbooks/blob/main/grade-04/gov/ethiopia/visual-and-performing-art/student/full-year.pdf
Grade 4	Ghana	Government	Computing Curriculum for Basic 4–6 — NaCCA, Ministry of Education, Ghana	Computing	teacher	https://github.com/tensae-code/liqlearns-textbooks/blob/main/grade-04/gov/ghana/computing/full-year.pdf
Grade 4	Ghana	Government	Creative Arts Curriculum for Basic 4–6 — NaCCA, Ministry of Education, Ghana	Creative Arts	teacher	https://github.com/tensae-code/liqlearns-textbooks/blob/main/grade-04/gov/ghana/creative-arts/full-year.pdf
Grade 4	Ghana	Government	English Language Curriculum for Basic 4–6 — NaCCA, Ministry of Education, Ghana	English Language	teacher	https://github.com/tensae-code/liqlearns-textbooks/blob/main/grade-04/gov/ghana/english/full-year.pdf
Grade 4	Ghana	Government	English Teacher Guide Level 1 — Upper Primary (Distance Learning) — Ministry of Education, Ghana	English Language	teacher	https://github.com/tensae-code/liqlearns-textbooks/blob/main/grade-04/gov/ghana/english/teacher-guide/level-1.pdf
Grade 4	Ghana	Government	English Teacher Guide Level 2 — Upper Primary (Distance Learning) — Ministry of Education, Ghana	English Language	teacher	https://github.com/tensae-code/liqlearns-textbooks/blob/main/grade-04/gov/ghana/english/teacher-guide/level-2.pdf
Grade 4	Ghana	Government	English Teacher Guide Level 3 — Upper Primary (Distance Learning) — Ministry of Education, Ghana	English Language	teacher	https://github.com/tensae-code/liqlearns-textbooks/blob/main/grade-04/gov/ghana/english/teacher-guide/level-3.pdf
Grade 4	Ghana	Government	French Curriculum for Basic 4–6 — NaCCA, Ministry of Education, Ghana	French	teacher	https://github.com/tensae-code/liqlearns-textbooks/blob/main/grade-04/gov/ghana/french/full-year.pdf
Grade 4	Ghana	Government	Ghanaian Language Curriculum for Basic 4–6 — NaCCA, Ministry of Education, Ghana (representative; additional per-language editions on the portal)	Ghanaian Language	teacher	https://github.com/tensae-code/liqlearns-textbooks/blob/main/grade-04/gov/ghana/ghanaian-language/full-year.pdf
Grade 4	Ghana	Government	JICA Primary Mathematics Teacher Manual B4 — hosted on the Ministry of Education curriculum portal, Ghana	Mathematics	teacher	https://github.com/tensae-code/liqlearns-textbooks/blob/main/grade-04/gov/ghana/mathematics/teacher-manual.pdf
Grade 4	Ghana	Government	Mathematics Curriculum for Basic 4–6 — NaCCA, Ministry of Education, Ghana	Mathematics	teacher	https://github.com/tensae-code/liqlearns-textbooks/blob/main/grade-04/gov/ghana/mathematics/full-year.pdf
Grade 4	Ghana	Government	Mathematics Teacher Guide Level 1 — Upper Primary (Distance Learning) — Ministry of Education, Ghana	Mathematics	teacher	https://github.com/tensae-code/liqlearns-textbooks/blob/main/grade-04/gov/ghana/mathematics/teacher-guide/level-1.pdf
Grade 4	Ghana	Government	Mathematics Teacher Guide Level 2 — Upper Primary (Distance Learning) — Ministry of Education, Ghana	Mathematics	teacher	https://github.com/tensae-code/liqlearns-textbooks/blob/main/grade-04/gov/ghana/mathematics/teacher-guide/level-2.pdf
Grade 4	Ghana	Government	Mathematics Teacher Guide Level 3 — Upper Primary (Distance Learning) — Ministry of Education, Ghana	Mathematics	teacher	https://github.com/tensae-code/liqlearns-textbooks/blob/main/grade-04/gov/ghana/mathematics/teacher-guide/level-3.pdf
Grade 4	Ghana	Government	Mathematics Workbook — Upper Primary Level (Distance Learning) — Ministry of Education, Ghana	Mathematics	student	https://github.com/tensae-code/liqlearns-textbooks/blob/main/grade-04/gov/ghana/mathematics/student-workbook.pdf
Grade 4	Ghana	Government	Our World Our People Curriculum for Basic 4–6 — NaCCA, Ministry of Education, Ghana	Our World Our People	teacher	https://github.com/tensae-code/liqlearns-textbooks/blob/main/grade-04/gov/ghana/our-world-our-people/full-year.pdf
Grade 4	Ghana	Government	Science Curriculum for Basic 4–6 — NaCCA, Ministry of Education, Ghana	Science	teacher	https://github.com/tensae-code/liqlearns-textbooks/blob/main/grade-04/gov/ghana/science/full-year.pdf
Grade 4	Greece	Government	Mathimatika D' Dimotikou (Grade 4) - Tetradio Ergasiou, Teuxos A	Mathematics	student	https://github.com/tensae-code/liqlearns-textbooks/blob/main/grade-04/gov/greece/mathematics/workbook/teuxos-a.pdf
Grade 4	Mauritius	Government	Road Safety Education Pupil's Book	Road Safety Education	student	https://github.com/tensae-code/liqlearns-textbooks/blob/main/grade-04/gov/mauritius/road-safety-education/pupil-full-year.pdf
Grade 4	Mauritius	Government	Road Safety Education Teacher's Book	Road Safety Education	teacher	https://github.com/tensae-code/liqlearns-textbooks/blob/main/grade-04/gov/mauritius/road-safety-education/teacher-full-year.pdf
Grade 4	Nepal	Government	My English Book Grade 4	English	student	https://github.com/tensae-code/liqlearns-textbooks/blob/main/grade-04/gov/nepal/english/full-year.pdf
Grade 4	Nepal	Government	My Mathematics Grade 4	Mathematics	student	https://github.com/tensae-code/liqlearns-textbooks/blob/main/grade-04/gov/nepal/mathematics/full-year.pdf
Grade 4	Nepal	Government	My Science, Health and Physical Education Grade 4 (English Version)	Science, Health and Physical Education	student	https://github.com/tensae-code/liqlearns-textbooks/blob/main/grade-04/gov/nepal/science-health-physical-education/english-medium/full-year.pdf
Grade 4	Nepal	Government	My Social Studies and Creative Arts Grade 4	Social Studies and Creative Arts	student	https://github.com/tensae-code/liqlearns-textbooks/blob/main/grade-04/gov/nepal/social-studies-and-creative-arts/full-year.pdf
Grade 4	Nepal	Government	Samajik Adhyayan tatha Manav Mulya Shiksha Kaksha 4 [Parikshan] (Social Studies and Human Value Education Grade 4, trial)	Social Studies and Human Value Education	student	https://github.com/tensae-code/liqlearns-textbooks/blob/main/grade-04/gov/nepal/social-studies-and-human-value-education/full-year.pdf
Grade 4	Nepal	Government	Shikshak Nirdeshika Mero Vigyan, Swasthya tatha Sharirik Shiksha Kaksha 4 (Teacher's Guide Science, Health and Physical Education Grade 4)	Science, Health and Physical Education	teacher	https://github.com/tensae-code/liqlearns-textbooks/blob/main/grade-04/gov/nepal/science-health-physical-education/full-year-teacher-guide.pdf
Grade 4	Nepal	Government	Swasthya Sharirik tatha Sirjanatmak Kala Kaksha 4, 2079 (Health, Physical and Creative Arts Grade 4)	Health, Physical and Creative Arts	student	https://github.com/tensae-code/liqlearns-textbooks/blob/main/grade-04/gov/nepal/health-physical-and-creative-arts/full-year.pdf
Grade 4	Papua New Guinea	Government	Mathematics Grade 4 Textbook	Mathematics	student	https://github.com/tensae-code/liqlearns-textbooks/blob/main/grade-04/gov/papua-new-guinea/mathematics/full-year.pdf
Grade 4	Papua New Guinea	Government	Science Grade 4 Teacher's Manual	Science	teacher	https://github.com/tensae-code/liqlearns-textbooks/blob/main/grade-04/gov/papua-new-guinea/science/full-year-teacher-guide.pdf
Grade 4	Sierra Leone	Government	Primary 4 Language Arts Lesson Plans (Term 1)	Language Arts	teacher	https://github.com/tensae-code/liqlearns-textbooks/blob/main/grade-04/gov/sierra-leone/language-arts/teacher/term-1.pdf
Grade 4	Sierra Leone	Government	Primary 4 Language Arts Lesson Plans (Term 2)	Language Arts	teacher	https://github.com/tensae-code/liqlearns-textbooks/blob/main/grade-04/gov/sierra-leone/language-arts/teacher/term-2.pdf
Grade 4	Sierra Leone	Government	Primary 4 Language Arts Lesson Plans (Term 3)	Language Arts	teacher	https://github.com/tensae-code/liqlearns-textbooks/blob/main/grade-04/gov/sierra-leone/language-arts/teacher/term-3.pdf
Grade 4	Sierra Leone	Government	Primary 4 Mathematics Lesson Plans (Term 1)	Mathematics	teacher	https://github.com/tensae-code/liqlearns-textbooks/blob/main/grade-04/gov/sierra-leone/mathematics/teacher/term-1.pdf
Grade 4	Sierra Leone	Government	Primary 4 Mathematics Lesson Plans (Term 2)	Mathematics	teacher	https://github.com/tensae-code/liqlearns-textbooks/blob/main/grade-04/gov/sierra-leone/mathematics/teacher/term-2.pdf
Grade 4	Sierra Leone	Government	Primary 4 Mathematics Lesson Plans (Term 3)	Mathematics	teacher	https://github.com/tensae-code/liqlearns-textbooks/blob/main/grade-04/gov/sierra-leone/mathematics/teacher/term-3.pdf
Grade 4	South Sudan	Government	South Sudan Primary 4 Science Pupil's Book	Science	student	https://github.com/tensae-code/liqlearns-textbooks/blob/main/grade-04/gov/south-sudan/science/full-year-student.pdf
Grade 4	Suriname	Government	Lezen doet je goed — Deel A	Reading	student	https://github.com/tensae-code/liqlearns-textbooks/blob/main/grade-04/gov/suriname/reading/student-part-a.pdf
Grade 4	Suriname	Government	Lezen doet je goed — Leerkrachtenhandleiding (delen A/B/C)	Reading	teacher	https://github.com/tensae-code/liqlearns-textbooks/blob/main/grade-04/gov/suriname/reading/teacher-guide.pdf
Grade 4	Suriname	Government	Rekenen 4A — Leerlingenboek	Mathematics	student	https://github.com/tensae-code/liqlearns-textbooks/blob/main/grade-04/gov/suriname/mathematics/student-leerlingenboek-a.pdf
Grade 4	Suriname	Government	Taalboek 4A	Language (Dutch)	student	https://github.com/tensae-code/liqlearns-textbooks/blob/main/grade-04/gov/suriname/language/student-taalboek-a.pdf
Grade 4	Trinidad and Tobago	Government	Primary School Curriculum - Curriculum Guides: Standard 2	Curriculum Guide	teacher	https://github.com/tensae-code/liqlearns-textbooks/blob/main/grade-04/gov/trinidad-tobago/curriculum-guide/full-year.pdf
Grade 4	Venezuela	Government	CIENCIAS NATURALES — Propuestas de contenidos para la enseñanza y aprendizajes esperados (Documento para la consulta), Septiembre 2025	Natural Sciences	teacher	https://github.com/tensae-code/liqlearns-textbooks/blob/main/grade-04/gov/venezuela/natural-sciences/full-year.pdf
Grade 4	Venezuela	Government	IDENTIDAD — Propuestas de contenidos para la enseñanza y aprendizajes esperados (Documento para la consulta), Septiembre 2025	Identity	teacher	https://github.com/tensae-code/liqlearns-textbooks/blob/main/grade-04/gov/venezuela/identity/full-year.pdf
Grade 4	Venezuela	Government	MATEMÁTICA — Propuestas de contenidos para la enseñanza y aprendizajes esperados (Documento para la consulta), Septiembre 2025	Mathematics	teacher	https://github.com/tensae-code/liqlearns-textbooks/blob/main/grade-04/gov/venezuela/mathematics/full-year.pdf
Grade 4	Venezuela	Government	PRÁCTICAS DEL LENGUAJE — Propuestas de contenidos para la enseñanza y aprendizajes esperados (Documento para la consulta), Septiembre 2025	Language	teacher	https://github.com/tensae-code/liqlearns-textbooks/blob/main/grade-04/gov/venezuela/language/full-year.pdf
Grade 4	Zambia	Government	English Language Teaching Module Grade 4 Term 3	English Language	teacher	https://github.com/tensae-code/liqlearns-textbooks/blob/main/grade-04/gov/zambia/english-language/term-3.pdf
Grade 4	Zambia	Government	Expressive Arts Teaching Module Grade 4 Term 3	Expressive Arts	teacher	https://github.com/tensae-code/liqlearns-textbooks/blob/main/grade-04/gov/zambia/expressive-arts/term-3.pdf
Grade 4	Zambia	Government	Home Economics and Hospitality Teaching Module Grade 4 Term 3	Home Economics and Hospitality	teacher	https://github.com/tensae-code/liqlearns-textbooks/blob/main/grade-04/gov/zambia/home-economics-and-hospitality/term-3.pdf
Grade 4	Zambia	Government	Kikaonde Teaching Module Grade 4 Term 3	Zambian Language	teacher	https://github.com/tensae-code/liqlearns-textbooks/blob/main/grade-04/gov/zambia/zambian-language/term-3.pdf
Grade 4	Zambia	Government	Lunda Grade 4 Teaching Module Term 3	Zambian Language	teacher	https://github.com/tensae-code/liqlearns-textbooks/blob/main/grade-04/gov/zambia/zambian-language/term-3-2.pdf
Grade 4	Zambia	Government	Luvale Mango 4 Teaching Module Term 3	Zambian Language	teacher	https://github.com/tensae-code/liqlearns-textbooks/blob/main/grade-04/gov/zambia/zambian-language/term-3-3.pdf
Grade 4	Zambia	Government	Mathematics Grade 4 Teaching Module Term 3	Mathematics	teacher	https://github.com/tensae-code/liqlearns-textbooks/blob/main/grade-04/gov/zambia/mathematics/term-3.pdf
Grade 4	Zambia	Government	Silozi Grade 4 Teaching Module Term 3	Zambian Language	teacher	https://github.com/tensae-code/liqlearns-textbooks/blob/main/grade-04/gov/zambia/zambian-language/term-3-5.pdf
Grade 4	Zambia	Government	Social Studies Grade 4 Teaching Module Term 3	Social Studies	teacher	https://github.com/tensae-code/liqlearns-textbooks/blob/main/grade-04/gov/zambia/social-studies/term-3.pdf
Grade 5	Afghanistan	Government	Grade 5 Islamic Education (Pashto)	Islamic Education	student	https://github.com/tensae-code/liqlearns-textbooks/blob/main/grade-05/gov/afghanistan/islamic-education/full-year.pdf
Grade 5	Argentina	Government	Historias x leer: orientaciones para docentes 5to grado	Literature / Reading	teacher	https://github.com/tensae-code/liqlearns-textbooks/blob/main/grade-05/gov/argentina/literature/teacher-orientations/full-year.pdf
Grade 5	Bangladesh	Government	Class 5 Bangla (Bangla Version)	Bangla	student	https://github.com/tensae-code/liqlearns-textbooks/blob/main/grade-05/gov/bangladesh/bangla/bangla-version/full-year.pdf
Grade 5	Bangladesh	Government	Class 5 Bangladesh and Global Studies (Bangla Version)	Bangladesh and Global Studies	student	https://github.com/tensae-code/liqlearns-textbooks/blob/main/grade-05/gov/bangladesh/bangladesh-global-studies/bangla-version/full-year.pdf
Grade 5	Bangladesh	Government	Class 5 Bangladesh and Global Studies (English Version)	Bangladesh and Global Studies	student	https://github.com/tensae-code/liqlearns-textbooks/blob/main/grade-05/gov/bangladesh/bangladesh-global-studies/english-version/full-year.pdf
Grade 5	Bangladesh	Government	Class 5 Buddhist Religion Studies (Bangla Version)	Buddhist Religion Studies	student	https://github.com/tensae-code/liqlearns-textbooks/blob/main/grade-05/gov/bangladesh/religion-buddhism/bangla-version/full-year.pdf
Grade 5	Bangladesh	Government	Class 5 Buddhist Religion Studies (English Version)	Buddhist Religion Studies	student	https://github.com/tensae-code/liqlearns-textbooks/blob/main/grade-05/gov/bangladesh/religion-buddhism/english-version/full-year.pdf
Grade 5	Bangladesh	Government	Class 5 Christian Religion Studies (Bangla Version)	Christian Religion Studies	student	https://github.com/tensae-code/liqlearns-textbooks/blob/main/grade-05/gov/bangladesh/religion-christianity/bangla-version/full-year.pdf
Grade 5	Bangladesh	Government	Class 5 Christian Religion Studies (English Version)	Christian Religion Studies	student	https://github.com/tensae-code/liqlearns-textbooks/blob/main/grade-05/gov/bangladesh/religion-christianity/english-version/full-year.pdf
Grade 5	Bangladesh	Government	Class 5 English (Bangla Version)	English	student	https://github.com/tensae-code/liqlearns-textbooks/blob/main/grade-05/gov/bangladesh/english/bangla-version/full-year.pdf
Grade 5	Bangladesh	Government	Class 5 Hindu Religion Studies (Bangla Version)	Hindu Religion Studies	student	https://github.com/tensae-code/liqlearns-textbooks/blob/main/grade-05/gov/bangladesh/religion-hinduism/bangla-version/full-year.pdf
Grade 5	Bangladesh	Government	Class 5 Hindu Religion Studies (English Version)	Hindu Religion Studies	student	https://github.com/tensae-code/liqlearns-textbooks/blob/main/grade-05/gov/bangladesh/religion-hinduism/english-version/full-year.pdf
Grade 5	Bangladesh	Government	Class 5 Islam Religion Studies (Bangla Version)	Islam Religion Studies	student	https://github.com/tensae-code/liqlearns-textbooks/blob/main/grade-05/gov/bangladesh/religion-islam/bangla-version/full-year.pdf
Grade 5	Bangladesh	Government	Class 5 Islam Religion Studies (English Version)	Islam Religion Studies	student	https://github.com/tensae-code/liqlearns-textbooks/blob/main/grade-05/gov/bangladesh/religion-islam/english-version/full-year.pdf
Grade 5	Bangladesh	Government	Class 5 Mathematics (Bangla Version)	Mathematics	student	https://github.com/tensae-code/liqlearns-textbooks/blob/main/grade-05/gov/bangladesh/mathematics/bangla-version/full-year.pdf
Grade 5	Bangladesh	Government	Class 5 Mathematics (English Version)	Mathematics	student	https://github.com/tensae-code/liqlearns-textbooks/blob/main/grade-05/gov/bangladesh/mathematics/english-version/full-year.pdf
Grade 5	Bangladesh	Government	Class 5 Science (Bangla Version)	Science	student	https://github.com/tensae-code/liqlearns-textbooks/blob/main/grade-05/gov/bangladesh/science/bangla-version/full-year.pdf
Grade 5	Bangladesh	Government	Class 5 Science (English Version)	Science	student	https://github.com/tensae-code/liqlearns-textbooks/blob/main/grade-05/gov/bangladesh/science/english-version/full-year.pdf
Grade 5	Cabo Verde	Government	Guia de Atividades Científicas 5.º ano	Science Activity Guide	teacher	https://github.com/tensae-code/liqlearns-textbooks/blob/main/grade-05/gov/cabo-verde/science-activity-guide/teacher-guide.pdf
Grade 5	Cabo Verde	Government	Manual de História e Geografia de Cabo Verde 5.º ano	History and Geography of Cabo Verde	student	https://github.com/tensae-code/liqlearns-textbooks/blob/main/grade-05/gov/cabo-verde/history-geography-cabo-verde/full-year.pdf
Grade 5	Cabo Verde	Government	Manual de Matemática 5.º ano	Mathematics	student	https://github.com/tensae-code/liqlearns-textbooks/blob/main/grade-05/gov/cabo-verde/mathematics/full-year.pdf
Grade 5	Cuba	Government	Lectura 5to grado	Spanish Language	student	https://github.com/tensae-code/liqlearns-textbooks/blob/main/grade-05/gov/cuba/spanish-language/reading/full-year.pdf
Grade 5	Cuba	Government	Matemática 5to grado	Mathematics	student	https://github.com/tensae-code/liqlearns-textbooks/blob/main/grade-05/gov/cuba/mathematics/full-year.pdf
Grade 5	Ethiopia	Government	Grade 5 English Student Textbook	English	student	https://github.com/tensae-code/liqlearns-textbooks/blob/main/grade-05/gov/ethiopia/english/student/full-year.pdf
Grade 5	Ethiopia	Government	Grade 5 Environmental Science Student Textbook	Environmental Science	student	https://github.com/tensae-code/liqlearns-textbooks/blob/main/grade-05/gov/ethiopia/environmental-science/student/full-year.pdf
Grade 5	Ethiopia	Government	Grade 5 Health and Physical Education Student Textbook	Health and Physical Education	student	https://github.com/tensae-code/liqlearns-textbooks/blob/main/grade-05/gov/ethiopia/health-and-physical-education/student/full-year.pdf
Grade 5	Ethiopia	Government	Grade 5 Mathematics Student Textbook	Mathematics	student	https://github.com/tensae-code/liqlearns-textbooks/blob/main/grade-05/gov/ethiopia/mathematics/student/full-year.pdf
Grade 5	Ethiopia	Government	Grade 5 Visual and Performing Art Student Textbook	Visual and Performing Art	student	https://github.com/tensae-code/liqlearns-textbooks/blob/main/grade-05/gov/ethiopia/visual-and-performing-art/student/full-year.pdf
Grade 5	Ghana	Government	JICA Primary Mathematics Teacher Manual B5 — hosted on the Ministry of Education curriculum portal, Ghana	Mathematics	teacher	https://github.com/tensae-code/liqlearns-textbooks/blob/main/grade-05/gov/ghana/mathematics/teacher-manual.pdf
Grade 5	Greece	Government	Agglika E' Dimotikou (Grade 5) - Vivlio Mathiti, Tomos 4	English	student	https://github.com/tensae-code/liqlearns-textbooks/blob/main/grade-05/gov/greece/english/tomos-4.pdf
Grade 5	Greece	Government	Anthologio Logotechnikon Keimenon E'-ST' Dimotikou (Grades 5-6) - Tomos 3	Literature Anthology	student	https://github.com/tensae-code/liqlearns-textbooks/blob/main/grade-05/gov/greece/literature-anthology/tomos-3.pdf
Grade 5	Mauritius	Government	Road Safety Education Pupil's Book	Road Safety Education	student	https://github.com/tensae-code/liqlearns-textbooks/blob/main/grade-05/gov/mauritius/road-safety-education/pupil-full-year.pdf
Grade 5	Mauritius	Government	Road Safety Education Teacher's Book	Road Safety Education	teacher	https://github.com/tensae-code/liqlearns-textbooks/blob/main/grade-05/gov/mauritius/road-safety-education/teacher-full-year.pdf
Grade 5	Nepal	Government	My English Book Grade 5	English	student	https://github.com/tensae-code/liqlearns-textbooks/blob/main/grade-05/gov/nepal/english/full-year.pdf
Grade 5	Nepal	Government	My Mathematics Grade 5	Mathematics	student	https://github.com/tensae-code/liqlearns-textbooks/blob/main/grade-05/gov/nepal/mathematics/full-year.pdf
Grade 5	Nepal	Government	My Social Studies and Creative Arts Grade 5 (English Version)	Social Studies and Creative Arts	student	https://github.com/tensae-code/liqlearns-textbooks/blob/main/grade-05/gov/nepal/social-studies-and-creative-arts/english-medium/full-year.pdf
Grade 5	Nepal	Government	Shikshak Nirdeshika Adharbhut Taha, Kaksha 5 Nepali (2081) (Teacher's Guide Nepali Grade 5)	Nepali	teacher	https://github.com/tensae-code/liqlearns-textbooks/blob/main/grade-05/gov/nepal/nepali/full-year-teacher-guide.pdf
Grade 5	Nepal	Government	Shikshak Nirdeshika Ganit Kaksha 5 (2024) (Teacher's Guide Mathematics Grade 5)	Mathematics	teacher	https://github.com/tensae-code/liqlearns-textbooks/blob/main/grade-05/gov/nepal/mathematics/full-year-teacher-guide.pdf
Grade 5	Nepal	Government	Teacher's Guide Grade 5 Social Studies and Human Value Education (2081)	Social Studies and Human Value Education	teacher	https://github.com/tensae-code/liqlearns-textbooks/blob/main/grade-05/gov/nepal/social-studies-and-human-value-education/full-year-teacher-guide.pdf
Grade 5	Palestine	Government	English — Grade 5, Blended Learning Module 4 (supplementary)	English	student	https://github.com/tensae-code/liqlearns-textbooks/blob/main/grade-05/gov/palestine/english/blended-learning-module-4.pdf
Grade 5	Papua New Guinea	Government	Science Grade 5 Teacher's Manual	Science	teacher	https://github.com/tensae-code/liqlearns-textbooks/blob/main/grade-05/gov/papua-new-guinea/science/full-year-teacher-guide.pdf
Grade 5	Sierra Leone	Government	Primary 5 Language Arts Lesson Plans (Term 1)	Language Arts	teacher	https://github.com/tensae-code/liqlearns-textbooks/blob/main/grade-05/gov/sierra-leone/language-arts/teacher/term-1.pdf
Grade 5	Sierra Leone	Government	Primary 5 Language Arts Lesson Plans (Term 2)	Language Arts	teacher	https://github.com/tensae-code/liqlearns-textbooks/blob/main/grade-05/gov/sierra-leone/language-arts/teacher/term-2.pdf
Grade 5	Sierra Leone	Government	Primary 5 Language Arts Lesson Plans (Term 3)	Language Arts	teacher	https://github.com/tensae-code/liqlearns-textbooks/blob/main/grade-05/gov/sierra-leone/language-arts/teacher/term-3.pdf
Grade 5	Sierra Leone	Government	Primary 5 Mathematics Lesson Plans (Term 1)	Mathematics	teacher	https://github.com/tensae-code/liqlearns-textbooks/blob/main/grade-05/gov/sierra-leone/mathematics/teacher/term-1.pdf
Grade 5	Sierra Leone	Government	Primary 5 Mathematics Lesson Plans (Term 2)	Mathematics	teacher	https://github.com/tensae-code/liqlearns-textbooks/blob/main/grade-05/gov/sierra-leone/mathematics/teacher/term-2.pdf
Grade 5	Sierra Leone	Government	Primary 5 Mathematics Lesson Plans (Term 3)	Mathematics	teacher	https://github.com/tensae-code/liqlearns-textbooks/blob/main/grade-05/gov/sierra-leone/mathematics/teacher/term-3.pdf
Grade 5	Suriname	Government	Rekenen 5A — Leerlingenboek	Mathematics	student	https://github.com/tensae-code/liqlearns-textbooks/blob/main/grade-05/gov/suriname/mathematics/student-leerlingenboek-a.pdf
Grade 5	Suriname	Government	Wij en ons verleden — Leerlingenboek (nieuwe editie)	History	student	https://github.com/tensae-code/liqlearns-textbooks/blob/main/grade-05/gov/suriname/history/student-wij-en-ons-verleden.pdf
Grade 5	Venezuela	Government	CIENCIAS NATURALES — Propuestas de contenidos para la enseñanza y aprendizajes esperados (Documento para la consulta), Septiembre 2025	Natural Sciences	teacher	https://github.com/tensae-code/liqlearns-textbooks/blob/main/grade-05/gov/venezuela/natural-sciences/full-year.pdf
Grade 5	Venezuela	Government	IDENTIDAD — Propuestas de contenidos para la enseñanza y aprendizajes esperados (Documento para la consulta), Septiembre 2025	Identity	teacher	https://github.com/tensae-code/liqlearns-textbooks/blob/main/grade-05/gov/venezuela/identity/full-year.pdf
Grade 5	Venezuela	Government	MATEMÁTICA — Propuestas de contenidos para la enseñanza y aprendizajes esperados (Documento para la consulta), Septiembre 2025	Mathematics	teacher	https://github.com/tensae-code/liqlearns-textbooks/blob/main/grade-05/gov/venezuela/mathematics/full-year.pdf
Grade 5	Venezuela	Government	PRÁCTICAS DEL LENGUAJE — Propuestas de contenidos para la enseñanza y aprendizajes esperados (Documento para la consulta), Septiembre 2025	Language	teacher	https://github.com/tensae-code/liqlearns-textbooks/blob/main/grade-05/gov/venezuela/language/full-year.pdf
Grade 6	Bangladesh	Government	Class 6 Art and Culture (Bangla Version)	Art and Culture	student	https://github.com/tensae-code/liqlearns-textbooks/blob/main/grade-06/gov/bangladesh/art-culture/bangla-version/full-year.pdf
Grade 6	Bangladesh	Government	Class 6 Art and Culture (English Version)	Art and Culture	student	https://github.com/tensae-code/liqlearns-textbooks/blob/main/grade-06/gov/bangladesh/art-culture/english-version/full-year.pdf
Grade 6	Bangladesh	Government	Class 6 Bangla (Bangla Version)	Bangla	student	https://github.com/tensae-code/liqlearns-textbooks/releases/download/full-quality-oversized-books/bangladesh-grade-06-bangla-bangla-version.pdf
Grade 6	Bangladesh	Government	Class 6 Buddhist Religion Studies (Bangla Version)	Buddhist Religion Studies	student	https://github.com/tensae-code/liqlearns-textbooks/blob/main/grade-06/gov/bangladesh/religion-buddhism/bangla-version/full-year.pdf
Grade 6	Bangladesh	Government	Class 6 Buddhist Religion Studies (English Version)	Buddhist Religion Studies	student	https://github.com/tensae-code/liqlearns-textbooks/blob/main/grade-06/gov/bangladesh/religion-buddhism/english-version/full-year.pdf
Grade 6	Bangladesh	Government	Class 6 Christian Religion Studies (Bangla Version)	Christian Religion Studies	student	https://github.com/tensae-code/liqlearns-textbooks/blob/main/grade-06/gov/bangladesh/religion-christianity/bangla-version/full-year.pdf
Grade 6	Bangladesh	Government	Class 6 Christian Religion Studies (English Version)	Christian Religion Studies	student	https://github.com/tensae-code/liqlearns-textbooks/blob/main/grade-06/gov/bangladesh/religion-christianity/english-version/full-year.pdf
Grade 6	Bangladesh	Government	Class 6 Digital Technology (Bangla Version)	Digital Technology	student	https://github.com/tensae-code/liqlearns-textbooks/blob/main/grade-06/gov/bangladesh/digital-technology/bangla-version/full-year.pdf
Grade 6	Bangladesh	Government	Class 6 Digital Technology (English Version)	Digital Technology	student	https://github.com/tensae-code/liqlearns-textbooks/blob/main/grade-06/gov/bangladesh/digital-technology/english-version/full-year.pdf
Grade 6	Bangladesh	Government	Class 6 English (English Version)	English	student	https://github.com/tensae-code/liqlearns-textbooks/blob/main/grade-06/gov/bangladesh/english/english-version/full-year.pdf
Grade 6	Bangladesh	Government	Class 6 Hindu Religion Studies (Bangla Version)	Hindu Religion Studies	student	https://github.com/tensae-code/liqlearns-textbooks/blob/main/grade-06/gov/bangladesh/religion-hinduism/bangla-version/full-year.pdf
Grade 6	Bangladesh	Government	Class 6 Hindu Religion Studies (English Version)	Hindu Religion Studies	student	https://github.com/tensae-code/liqlearns-textbooks/blob/main/grade-06/gov/bangladesh/religion-hinduism/english-version/full-year.pdf
Grade 6	Bangladesh	Government	Class 6 History and Social Science (Bangla Version)	History and Social Science	student	https://github.com/tensae-code/liqlearns-textbooks/blob/main/grade-06/gov/bangladesh/history-social-science/bangla-version/full-year.pdf
Grade 6	Bangladesh	Government	Class 6 History and Social Science (English Version)	History and Social Science	student	https://github.com/tensae-code/liqlearns-textbooks/blob/main/grade-06/gov/bangladesh/history-social-science/english-version/full-year.pdf
Grade 6	Bangladesh	Government	Class 6 Islam Religion Studies (Bangla Version)	Islam Religion Studies	student	https://github.com/tensae-code/liqlearns-textbooks/blob/main/grade-06/gov/bangladesh/religion-islam/bangla-version/full-year.pdf
Grade 6	Bangladesh	Government	Class 6 Islam Religion Studies (English Version)	Islam Religion Studies	student	https://github.com/tensae-code/liqlearns-textbooks/blob/main/grade-06/gov/bangladesh/religion-islam/english-version/full-year.pdf
Grade 6	Bangladesh	Government	Class 6 Life and Livelihood (Bangla Version)	Life and Livelihood	student	https://github.com/tensae-code/liqlearns-textbooks/blob/main/grade-06/gov/bangladesh/life-livelihood/bangla-version/full-year.pdf
Grade 6	Bangladesh	Government	Class 6 Life and Livelihood (English Version)	Life and Livelihood	student	https://github.com/tensae-code/liqlearns-textbooks/blob/main/grade-06/gov/bangladesh/life-livelihood/english-version/full-year.pdf
Grade 6	Bangladesh	Government	Class 6 Mathematics (Bangla Version)	Mathematics	student	https://github.com/tensae-code/liqlearns-textbooks/blob/main/grade-06/gov/bangladesh/mathematics/bangla-version/full-year.pdf
Grade 6	Bangladesh	Government	Class 6 Mathematics (English Version)	Mathematics	student	https://github.com/tensae-code/liqlearns-textbooks/blob/main/grade-06/gov/bangladesh/mathematics/english-version/full-year.pdf
Grade 6	Bangladesh	Government	Class 6 Science (Exercise Book) (Bangla Version)	Science (Exercise Book)	student	https://github.com/tensae-code/liqlearns-textbooks/blob/main/grade-06/gov/bangladesh/science-exercise/bangla-version/full-year.pdf
Grade 6	Bangladesh	Government	Class 6 Science (Exercise Book) (English Version)	Science (Exercise Book)	student	https://github.com/tensae-code/liqlearns-textbooks/blob/main/grade-06/gov/bangladesh/science-exercise/english-version/full-year.pdf
Grade 6	Bangladesh	Government	Class 6 Science (Investigative Study) (Bangla Version)	Science (Investigative Study)	student	https://github.com/tensae-code/liqlearns-textbooks/blob/main/grade-06/gov/bangladesh/science-investigative/bangla-version/full-year.pdf
Grade 6	Bangladesh	Government	Class 6 Science (Investigative Study) (English Version)	Science (Investigative Study)	student	https://github.com/tensae-code/liqlearns-textbooks/blob/main/grade-06/gov/bangladesh/science-investigative/english-version/full-year.pdf
Grade 6	Bangladesh	Government	Class 6 Wellbeing (Bangla Version)	Wellbeing	student	https://github.com/tensae-code/liqlearns-textbooks/blob/main/grade-06/gov/bangladesh/wellbeing/bangla-version/full-year.pdf
Grade 6	Bangladesh	Government	Class 6 Wellbeing (English Version)	Wellbeing	student	https://github.com/tensae-code/liqlearns-textbooks/blob/main/grade-06/gov/bangladesh/wellbeing/english-version/full-year.pdf
Grade 6	Cabo Verde	Government	Caderno Experimental de História e Geografia de Cabo Verde 6.º ano	History and Geography of Cabo Verde	student	https://github.com/tensae-code/liqlearns-textbooks/blob/main/grade-06/gov/cabo-verde/history-geography-cabo-verde/experimental-workbook/full-year.pdf
Grade 6	Cabo Verde	Government	Guia de Atividades Científicas 6.º ano	Science Activity Guide	teacher	https://github.com/tensae-code/liqlearns-textbooks/blob/main/grade-06/gov/cabo-verde/science-activity-guide/teacher-guide.pdf
Grade 6	Costa Rica	Approved private	Relaciones y Álgebra. Educación virtual para estudiantes de sexto año de primaria (EVEPRIM 6) — Escuela de Matemática, Instituto Tecnológico de Costa Rica, 1ra ed. 2023	Mathematics	student	https://github.com/tensae-code/liqlearns-textbooks/blob/main/grade-06/approved-private/costa-rica/mathematics/full-year.pdf
Grade 6	Djibouti	Government	Guide de l'enseignant d'EPS — 6eme annee (2020/2021)	Physical Education	teacher	https://github.com/tensae-code/liqlearns-textbooks/blob/main/grade-06/gov/djibouti/physical-education/full-year.pdf
Grade 6	Djibouti	Government	Guide de l'enseignant Physique-Chimie — 6eme annee	Physics and Chemistry	teacher	https://github.com/tensae-code/liqlearns-textbooks/blob/main/grade-06/gov/djibouti/physics-chemistry/full-year.pdf
Grade 6	Djibouti	Government	Guide manuel Informatique — 6eme annee	Computer Science	teacher	https://github.com/tensae-code/liqlearns-textbooks/blob/main/grade-06/gov/djibouti/computer-science/full-year.pdf
Grade 6	Djibouti	Government	Prototype du guide pedagogique — Histoire generale de l'Afrique (tranche d'age 10-12 ans)	History	teacher	https://github.com/tensae-code/liqlearns-textbooks/blob/main/grade-06/gov/djibouti/history/full-year.pdf
Grade 6	Ethiopia	Government	Grade 6 English Student Textbook	English	student	https://github.com/tensae-code/liqlearns-textbooks/blob/main/grade-06/gov/ethiopia/english/student/full-year.pdf
Grade 6	Ethiopia	Government	Grade 6 Environmental Science Student Textbook	Environmental Science	student	https://github.com/tensae-code/liqlearns-textbooks/blob/main/grade-06/gov/ethiopia/environmental-science/student/full-year.pdf
Grade 6	Ethiopia	Government	Grade 6 Health and Physical Education Student Textbook	Health and Physical Education	student	https://github.com/tensae-code/liqlearns-textbooks/blob/main/grade-06/gov/ethiopia/health-and-physical-education/student/full-year.pdf
Grade 6	Ethiopia	Government	Grade 6 Mathematics Student Textbook	Mathematics	student	https://github.com/tensae-code/liqlearns-textbooks/blob/main/grade-06/gov/ethiopia/mathematics/student/full-year.pdf
Grade 6	Ethiopia	Government	Grade 6 Visual and Performing Art Student Textbook	Visual and Performing Art	student	https://github.com/tensae-code/liqlearns-textbooks/blob/main/grade-06/gov/ethiopia/visual-and-performing-art/student/full-year.pdf
Grade 6	Ghana	Government	JICA Primary Mathematics Teacher Manual B6 — hosted on the Ministry of Education curriculum portal, Ghana	Mathematics	teacher	https://github.com/tensae-code/liqlearns-textbooks/blob/main/grade-06/gov/ghana/mathematics/teacher-manual.pdf
Grade 6	Greece	Government	Agglika ST' Dimotikou (Grade 6) - Vivlio Mathiti, Tomos 2	English	student	https://github.com/tensae-code/liqlearns-textbooks/blob/main/grade-06/gov/greece/english/tomos-2.pdf
Grade 6	Mauritius	Government	Road Safety Education Teacher's Book	Road Safety Education	teacher	https://github.com/tensae-code/liqlearns-textbooks/blob/main/grade-06/gov/mauritius/road-safety-education/teacher-full-year.pdf
Grade 6	Nepal	Government	English Book Grade 6	English	student	https://github.com/tensae-code/liqlearns-textbooks/blob/main/grade-06/gov/nepal/english/full-year.pdf
Grade 6	Nepal	Government	Ganit Kaksha 6 (Mathematics Grade 6)	Mathematics	student	https://github.com/tensae-code/liqlearns-textbooks/blob/main/grade-06/gov/nepal/mathematics/full-year.pdf
Grade 6	Nepal	Government	Hamro Swasthya ra Sharirik Shiksha Shikshak Nirdeshika Kaksha 6 (Teacher's Guide Health and Physical Education Grade 6)	Health and Physical Education	teacher	https://github.com/tensae-code/liqlearns-textbooks/blob/main/grade-06/gov/nepal/health-physical-and-creative-arts/older-edition/full-year-teacher-guide.pdf
Grade 6	Nepal	Government	Nepali Kaksha 6 (Nepali Grade 6)	Nepali	student	https://github.com/tensae-code/liqlearns-textbooks/blob/main/grade-06/gov/nepal/nepali/full-year.pdf
Grade 6	Nepal	Government	Samajik Shiksha ra Manavmulya Shiksha Kaksha 6 (Social Studies and Human Value Education Grade 6)	Social Studies and Human Value Education	student	https://github.com/tensae-code/liqlearns-textbooks/blob/main/grade-06/gov/nepal/social-studies-and-human-value-education/full-year.pdf
Grade 6	Nepal	Government	Shikshak Nirdeshika Nepali Kaksha 6 (Teacher's Guide Nepali Grade 6)	Nepali	teacher	https://github.com/tensae-code/liqlearns-textbooks/blob/main/grade-06/gov/nepal/nepali/older-edition/full-year-teacher-guide.pdf
Grade 6	Nepal	Government	Swasthya tatha Sharirik Shiksha Kaksha 6 (Health and Physical Education Grade 6)	Health and Physical Education	student	https://github.com/tensae-code/liqlearns-textbooks/blob/main/grade-06/gov/nepal/health-physical-and-creative-arts/full-year.pdf
Grade 6	Nepal	Government	Teacher's Guide Grade 6 English	English	teacher	https://github.com/tensae-code/liqlearns-textbooks/blob/main/grade-06/gov/nepal/english/full-year-teacher-guide.pdf
Grade 6	Nepal	Government	Teacher's Guide Grade 6 Nepali	Nepali	teacher	https://github.com/tensae-code/liqlearns-textbooks/blob/main/grade-06/gov/nepal/nepali/full-year-teacher-guide.pdf
Grade 6	Nepal	Government	Teacher's Guide Health, Physical and Creative Arts Grade 6	Health, Physical and Creative Arts	teacher	https://github.com/tensae-code/liqlearns-textbooks/blob/main/grade-06/gov/nepal/health-physical-and-creative-arts/full-year-teacher-guide.pdf
Grade 6	Nepal	Government	Teacher's Guide Science and Technology Grade 6	Science and Technology	teacher	https://github.com/tensae-code/liqlearns-textbooks/blob/main/grade-06/gov/nepal/science-and-technology/full-year-teacher-guide.pdf
Grade 6	Papua New Guinea	Government	Mathematics Grade 6 Teacher's Manual	Mathematics	teacher	https://github.com/tensae-code/liqlearns-textbooks/blob/main/grade-06/gov/papua-new-guinea/mathematics/full-year-teacher-guide.pdf
Grade 6	Papua New Guinea	Government	Mathematics Grade 6 Textbook	Mathematics	student	https://github.com/tensae-code/liqlearns-textbooks/blob/main/grade-06/gov/papua-new-guinea/mathematics/full-year.pdf
Grade 6	Papua New Guinea	Government	Science Grade 6 Teacher's Manual	Science	teacher	https://github.com/tensae-code/liqlearns-textbooks/blob/main/grade-06/gov/papua-new-guinea/science/full-year-teacher-guide.pdf
Grade 6	Papua New Guinea	Government	Science Grade 6 Textbook	Science	student	https://github.com/tensae-code/liqlearns-textbooks/blob/main/grade-06/gov/papua-new-guinea/science/full-year.pdf
Grade 6	Sierra Leone	Government	Primary 6 Language Arts Lesson Plans (Term 1)	Language Arts	teacher	https://github.com/tensae-code/liqlearns-textbooks/blob/main/grade-06/gov/sierra-leone/language-arts/teacher/term-1.pdf
Grade 6	Sierra Leone	Government	Primary 6 Language Arts Lesson Plans (Term 2)	Language Arts	teacher	https://github.com/tensae-code/liqlearns-textbooks/blob/main/grade-06/gov/sierra-leone/language-arts/teacher/term-2.pdf
Grade 6	Sierra Leone	Government	Primary 6 Language Arts Lesson Plans (Term 3)	Language Arts	teacher	https://github.com/tensae-code/liqlearns-textbooks/blob/main/grade-06/gov/sierra-leone/language-arts/teacher/term-3.pdf
Grade 6	Sierra Leone	Government	Primary 6 Mathematics Lesson Plans (Term 1)	Mathematics	teacher	https://github.com/tensae-code/liqlearns-textbooks/blob/main/grade-06/gov/sierra-leone/mathematics/teacher/term-1.pdf
Grade 6	Sierra Leone	Government	Primary 6 Mathematics Lesson Plans (Term 2)	Mathematics	teacher	https://github.com/tensae-code/liqlearns-textbooks/blob/main/grade-06/gov/sierra-leone/mathematics/teacher/term-2.pdf
Grade 6	Sierra Leone	Government	Primary 6 Mathematics Lesson Plans (Term 3)	Mathematics	teacher	https://github.com/tensae-code/liqlearns-textbooks/blob/main/grade-06/gov/sierra-leone/mathematics/teacher/term-3.pdf
Grade 6	South Sudan	Government	South Sudan Primary 6 English Pupil's Book	English	student	https://github.com/tensae-code/liqlearns-textbooks/blob/main/grade-06/gov/south-sudan/english/full-year-student.pdf
Grade 6	South Sudan	Government	South Sudan Primary 6 Social Studies Pupil's Book	Social Studies	student	https://github.com/tensae-code/liqlearns-textbooks/blob/main/grade-06/gov/south-sudan/social-studies/full-year-student.pdf
Grade 6	Suriname	Government	Geschiedenis — Leerlingenboek	History	student	https://github.com/tensae-code/liqlearns-textbooks/blob/main/grade-06/gov/suriname/history/student-leerlingenboek.pdf
Grade 6	Suriname	Government	Natuuronderwijs — Leerlingenboek (2016-versie)	Science	student	https://github.com/tensae-code/liqlearns-textbooks/blob/main/grade-06/gov/suriname/science/student-leerlingenboek.pdf
Grade 6	Suriname	Government	Vooruit met rekenen — Deel 1	Mathematics	student	https://github.com/tensae-code/liqlearns-textbooks/blob/main/grade-06/gov/suriname/mathematics/student-deel-1.pdf
Grade 6	Suriname	Government	Vooruit met rekenen — Leerkrachtenhandleiding Deel 1 (algemene inleiding)	Mathematics	teacher	https://github.com/tensae-code/liqlearns-textbooks/blob/main/grade-06/gov/suriname/mathematics/teacher-guide-deel-1.pdf
Grade 6	Suriname	Government	Vooruit met taal — Deel A	Language (Dutch)	student	https://github.com/tensae-code/liqlearns-textbooks/blob/main/grade-06/gov/suriname/language/student-deel-a.pdf
Grade 6	Trinidad and Tobago	Government	Primary School Curriculum - Curriculum Guides: Standard 4	Curriculum Guide	teacher	https://github.com/tensae-code/liqlearns-textbooks/blob/main/grade-06/gov/trinidad-tobago/curriculum-guide/full-year.pdf
Grade 6	Turkey	Government	Matematik 6. Sinif - Semester 1 (1. Kitap)	Mathematics	student	https://github.com/tensae-code/liqlearns-textbooks/blob/main/grade-06/gov/turkey/mathematics/quarter-1-2.pdf
Grade 6	Venezuela	Government	CIENCIAS NATURALES — Propuestas de contenidos para la enseñanza y aprendizajes esperados (Documento para la consulta), Septiembre 2025	Natural Sciences	teacher	https://github.com/tensae-code/liqlearns-textbooks/blob/main/grade-06/gov/venezuela/natural-sciences/full-year.pdf
Grade 6	Venezuela	Government	IDENTIDAD — Propuestas de contenidos para la enseñanza y aprendizajes esperados (Documento para la consulta), Septiembre 2025	Identity	teacher	https://github.com/tensae-code/liqlearns-textbooks/blob/main/grade-06/gov/venezuela/identity/full-year.pdf
Grade 6	Venezuela	Government	MATEMÁTICA — Propuestas de contenidos para la enseñanza y aprendizajes esperados (Documento para la consulta), Septiembre 2025	Mathematics	teacher	https://github.com/tensae-code/liqlearns-textbooks/blob/main/grade-06/gov/venezuela/mathematics/full-year.pdf
Grade 6	Venezuela	Government	PRÁCTICAS DEL LENGUAJE — Propuestas de contenidos para la enseñanza y aprendizajes esperados (Documento para la consulta), Septiembre 2025	Language	teacher	https://github.com/tensae-code/liqlearns-textbooks/blob/main/grade-06/gov/venezuela/language/full-year.pdf
Grade 6	Zambia	Government	Health Lessons	Activities for Daily Living	student	https://github.com/tensae-code/liqlearns-textbooks/blob/main/grade-06/gov/zambia/activities-for-daily-living/full-year-2.pdf
Grade 7	Andorra	Government	Programa d'educació musical de segona ensenyança de l'Escola Andorrana	Music	teacher	https://github.com/tensae-code/liqlearns-textbooks/blob/main/grade-07/gov/andorra/music/full-year.pdf
Grade 7	Andorra	Government	Programa de ciències físiques i de la natura de segona ensenyança de l'Escola Andorrana	Natural Sciences	teacher	https://github.com/tensae-code/liqlearns-textbooks/blob/main/grade-07/gov/andorra/natural-sciences/full-year.pdf
Grade 7	Argentina	Government	El último entrenador: orientaciones para docentes (Historias x leer, 7mo año/grado)	Literature / Reading	teacher	https://github.com/tensae-code/liqlearns-textbooks/blob/main/grade-07/gov/argentina/literature/el-ultimo-entrenador/full-year.pdf
Grade 7	Argentina	Government	La energía: cambios y movimientos (Cuadernos para el aula)	Physics / Natural Sciences	teacher	https://github.com/tensae-code/liqlearns-textbooks/blob/main/grade-07/gov/argentina/natural-sciences/energy/full-year.pdf
Grade 7	Bangladesh	Government	Class 7 Art and Culture (Bangla Version)	Art and Culture	student	https://github.com/tensae-code/liqlearns-textbooks/blob/main/grade-07/gov/bangladesh/art-culture/bangla-version/full-year.pdf
Grade 7	Bangladesh	Government	Class 7 Art and Culture (English Version)	Art and Culture	student	https://github.com/tensae-code/liqlearns-textbooks/blob/main/grade-07/gov/bangladesh/art-culture/english-version/full-year.pdf
Grade 7	Bangladesh	Government	Class 7 Bangla (Bangla Version)	Bangla	student	https://github.com/tensae-code/liqlearns-textbooks/blob/main/grade-07/gov/bangladesh/bangla/bangla-version/full-year.pdf
Grade 7	Bangladesh	Government	Class 7 Buddhist Religion Studies (Bangla Version)	Buddhist Religion Studies	student	https://github.com/tensae-code/liqlearns-textbooks/blob/main/grade-07/gov/bangladesh/religion-buddhism/bangla-version/full-year.pdf
Grade 7	Bangladesh	Government	Class 7 Buddhist Religion Studies (English Version)	Buddhist Religion Studies	student	https://github.com/tensae-code/liqlearns-textbooks/blob/main/grade-07/gov/bangladesh/religion-buddhism/english-version/full-year.pdf
Grade 7	Bangladesh	Government	Class 7 Christian Religion Studies (Bangla Version)	Christian Religion Studies	student	https://github.com/tensae-code/liqlearns-textbooks/blob/main/grade-07/gov/bangladesh/religion-christianity/bangla-version/full-year.pdf
Grade 7	Bangladesh	Government	Class 7 Christian Religion Studies (English Version)	Christian Religion Studies	student	https://github.com/tensae-code/liqlearns-textbooks/blob/main/grade-07/gov/bangladesh/religion-christianity/english-version/full-year.pdf
Grade 7	Bangladesh	Government	Class 7 Digital Technology (Bangla Version)	Digital Technology	student	https://github.com/tensae-code/liqlearns-textbooks/blob/main/grade-07/gov/bangladesh/digital-technology/bangla-version/full-year.pdf
Grade 7	Bangladesh	Government	Class 7 Digital Technology (English Version)	Digital Technology	student	https://github.com/tensae-code/liqlearns-textbooks/blob/main/grade-07/gov/bangladesh/digital-technology/english-version/full-year.pdf
Grade 7	Bangladesh	Government	Class 7 Hindu Religion Studies (Bangla Version)	Hindu Religion Studies	student	https://github.com/tensae-code/liqlearns-textbooks/blob/main/grade-07/gov/bangladesh/religion-hinduism/bangla-version/full-year.pdf
Grade 7	Bangladesh	Government	Class 7 Hindu Religion Studies (English Version)	Hindu Religion Studies	student	https://github.com/tensae-code/liqlearns-textbooks/blob/main/grade-07/gov/bangladesh/religion-hinduism/english-version/full-year.pdf
Grade 7	Bangladesh	Government	Class 7 History and Social Science (Bangla Version)	History and Social Science	student	https://github.com/tensae-code/liqlearns-textbooks/blob/main/grade-07/gov/bangladesh/history-social-science/bangla-version/full-year.pdf
Grade 7	Bangladesh	Government	Class 7 History and Social Science (English Version)	History and Social Science	student	https://github.com/tensae-code/liqlearns-textbooks/blob/main/grade-07/gov/bangladesh/history-social-science/english-version/full-year.pdf
Grade 7	Bangladesh	Government	Class 7 Islam Religion Studies (Bangla Version)	Islam Religion Studies	student	https://github.com/tensae-code/liqlearns-textbooks/blob/main/grade-07/gov/bangladesh/religion-islam/bangla-version/full-year.pdf
Grade 7	Bangladesh	Government	Class 7 Islam Religion Studies (English Version)	Islam Religion Studies	student	https://github.com/tensae-code/liqlearns-textbooks/blob/main/grade-07/gov/bangladesh/religion-islam/english-version/full-year.pdf
Grade 7	Bangladesh	Government	Class 7 Life and Livelihood (Bangla Version)	Life and Livelihood	student	https://github.com/tensae-code/liqlearns-textbooks/blob/main/grade-07/gov/bangladesh/life-livelihood/bangla-version/full-year.pdf
Grade 7	Bangladesh	Government	Class 7 Life and Livelihood (English Version)	Life and Livelihood	student	https://github.com/tensae-code/liqlearns-textbooks/blob/main/grade-07/gov/bangladesh/life-livelihood/english-version/full-year.pdf
Grade 7	Bangladesh	Government	Class 7 Mathematics (Bangla Version)	Mathematics	student	https://github.com/tensae-code/liqlearns-textbooks/releases/download/full-quality-oversized-books/bangladesh-grade-07-mathematics-bangla-version.pdf
Grade 7	Bangladesh	Government	Class 7 Mathematics (English Version)	Mathematics	student	https://github.com/tensae-code/liqlearns-textbooks/releases/download/full-quality-oversized-books/bangladesh-grade-07-mathematics-english-version.pdf
Grade 7	Bangladesh	Government	Class 7 Science (Exercise Book) (English Version)	Science (Exercise Book)	student	https://github.com/tensae-code/liqlearns-textbooks/blob/main/grade-07/gov/bangladesh/science-exercise/english-version/full-year.pdf
Grade 7	Bangladesh	Government	Class 7 Science (Investigative Study) (Bangla Version)	Science (Investigative Study)	student	https://github.com/tensae-code/liqlearns-textbooks/blob/main/grade-07/gov/bangladesh/science-investigative/bangla-version/full-year.pdf
Grade 7	Bangladesh	Government	Class 7 Science (Investigative Study) (English Version)	Science (Investigative Study)	student	https://github.com/tensae-code/liqlearns-textbooks/blob/main/grade-07/gov/bangladesh/science-investigative/english-version/full-year.pdf
Grade 7	Bangladesh	Government	Class 7 Wellbeing (English Version)	Wellbeing	student	https://github.com/tensae-code/liqlearns-textbooks/blob/main/grade-07/gov/bangladesh/wellbeing/english-version/full-year.pdf
Grade 7	Cabo Verde	Government	Guia de Atividades Científicas 7.º ano	Science Activity Guide	teacher	https://github.com/tensae-code/liqlearns-textbooks/blob/main/grade-07/gov/cabo-verde/science-activity-guide/teacher-guide.pdf
Grade 7	Cabo Verde	Government	Guia do Professor — Educação Artística Plástica 7.º e 8.º anos	Arts Education	teacher	https://github.com/tensae-code/liqlearns-textbooks/blob/main/grade-07/gov/cabo-verde/arts/teacher-guide-plastic-arts.pdf
Grade 7	Djibouti	Government	Guide de l'enseignant d'EPS — 7eme annee (2020/2021)	Physical Education	teacher	https://github.com/tensae-code/liqlearns-textbooks/blob/main/grade-07/gov/djibouti/physical-education/full-year.pdf
Grade 7	Eritrea	Approved private	Citizenship Education for Grade 7	Citizenship Education	student	https://github.com/tensae-code/liqlearns-textbooks/blob/main/grade-07/approved-private/eritrea/citizenship-education/full-year.pdf
Grade 7	Ethiopia	Government	Grade 7 Career and Technical Education Student Textbook	Career and Technical Education	student	https://github.com/tensae-code/liqlearns-textbooks/blob/main/grade-07/gov/ethiopia/career-and-technical-education/student/full-year.pdf
Grade 7	Ethiopia	Government	Grade 7 Citizenship Education Student Textbook	Citizenship Education	student	https://github.com/tensae-code/liqlearns-textbooks/blob/main/grade-07/gov/ethiopia/citizenship-education/student/full-year.pdf
Grade 7	Ethiopia	Government	Grade 7 English Student Textbook	English	student	https://github.com/tensae-code/liqlearns-textbooks/blob/main/grade-07/gov/ethiopia/english/student/full-year.pdf
Grade 7	Ethiopia	Government	Grade 7 General Science Student Textbook	General Science	student	https://github.com/tensae-code/liqlearns-textbooks/blob/main/grade-07/gov/ethiopia/general-science/student/full-year.pdf
Grade 7	Ethiopia	Government	Grade 7 Health and Physical Education Student Textbook	Health and Physical Education	student	https://github.com/tensae-code/liqlearns-textbooks/blob/main/grade-07/gov/ethiopia/health-and-physical-education/student/full-year.pdf
Grade 7	Ethiopia	Government	Grade 7 Information Technology Student Textbook	Information Technology	student	https://github.com/tensae-code/liqlearns-textbooks/blob/main/grade-07/gov/ethiopia/information-technology/student/full-year.pdf
Grade 7	Ethiopia	Government	Grade 7 Social Studies Student Textbook	Social Studies	student	https://github.com/tensae-code/liqlearns-textbooks/blob/main/grade-07/gov/ethiopia/social-studies/student/full-year.pdf
Grade 7	Ethiopia	Government	Grade 7 Visual and Performing Art Student Textbook	Visual and Performing Art	student	https://github.com/tensae-code/liqlearns-textbooks/blob/main/grade-07/gov/ethiopia/visual-and-performing-art/student/full-year.pdf
Grade 7	Ghana	Government	Arabic Curriculum for JHS 1–3 (Common Core Programme) — NaCCA, Ministry of Education, Ghana	Arabic	teacher	https://github.com/tensae-code/liqlearns-textbooks/blob/main/grade-07/gov/ghana/arabic/full-year.pdf
Grade 7	Ghana	Government	Career Technology Curriculum for JHS 1–3 (Common Core Programme) — NaCCA, Ministry of Education, Ghana	Career Technology	teacher	https://github.com/tensae-code/liqlearns-textbooks/blob/main/grade-07/gov/ghana/career-technology/full-year.pdf
Grade 7	Ghana	Government	Computing Curriculum for JHS 1–3 (Common Core Programme) — NaCCA, Ministry of Education, Ghana	Computing	teacher	https://github.com/tensae-code/liqlearns-textbooks/blob/main/grade-07/gov/ghana/computing/full-year.pdf
Grade 7	Ghana	Government	Creative Arts and Design Curriculum for JHS 1–3 (Common Core Programme) — NaCCA, Ministry of Education, Ghana	Creative Arts and Design	teacher	https://github.com/tensae-code/liqlearns-textbooks/blob/main/grade-07/gov/ghana/creative-arts-and-design/full-year.pdf
Grade 7	Ghana	Government	English Language Curriculum for JHS 1–3 (Common Core Programme) — NaCCA, Ministry of Education, Ghana	English Language	teacher	https://github.com/tensae-code/liqlearns-textbooks/blob/main/grade-07/gov/ghana/english-language/full-year.pdf
Grade 7	Ghana	Government	French Language Curriculum for JHS 1–3 (Common Core Programme) — NaCCA, Ministry of Education, Ghana	French Language	teacher	https://github.com/tensae-code/liqlearns-textbooks/blob/main/grade-07/gov/ghana/french-language/full-year.pdf
Grade 7	Ghana	Government	Ghanaian Language Curriculum for JHS 1–3 (Common Core Programme) — NaCCA, Ministry of Education, Ghana (representative; additional per-language editions on the portal)	Ghanaian Language	teacher	https://github.com/tensae-code/liqlearns-textbooks/blob/main/grade-07/gov/ghana/ghanaian-language/full-year.pdf
Grade 7	Ghana	Government	Mathematics Curriculum for JHS 1–3 (Common Core Programme) — NaCCA, Ministry of Education, Ghana	Mathematics	teacher	https://github.com/tensae-code/liqlearns-textbooks/blob/main/grade-07/gov/ghana/mathematics/full-year.pdf
Grade 7	Ghana	Government	Physical Education and Health Curriculum for JHS 1–3 (Common Core Programme) — NaCCA, Ministry of Education, Ghana	Physical Education and Health	teacher	https://github.com/tensae-code/liqlearns-textbooks/blob/main/grade-07/gov/ghana/physical-education-and-health/full-year.pdf
Grade 7	Ghana	Government	Religious and Moral Education Curriculum for JHS 1–3 (Common Core Programme) — NaCCA, Ministry of Education, Ghana	Religious and Moral Education	teacher	https://github.com/tensae-code/liqlearns-textbooks/blob/main/grade-07/gov/ghana/religious-and-moral-education/full-year.pdf
Grade 7	Ghana	Government	Science Curriculum for JHS 1–3 (Common Core Programme) — NaCCA, Ministry of Education, Ghana	Science	teacher	https://github.com/tensae-code/liqlearns-textbooks/blob/main/grade-07/gov/ghana/science/full-year.pdf
Grade 7	Ghana	Government	Social Studies Curriculum for JHS 1–3 (Common Core Programme, revised) — NaCCA, Ministry of Education, Ghana	Social Studies	teacher	https://github.com/tensae-code/liqlearns-textbooks/blob/main/grade-07/gov/ghana/social-studies/full-year.pdf
Grade 7	Mauritius	Government	Numeracy Grade 7 - Pupil's Worksheets (Foundation Programme)	Mathematics	student	https://github.com/tensae-code/liqlearns-textbooks/blob/main/grade-07/gov/mauritius/mathematics/pupil-full-year.pdf
Grade 7	Nepal	Government	Samajik Adhyayan tatha Manav Mulya Shiksha Kaksha 7 (Social Studies and Human Value Education Grade 7)	Social Studies and Human Value Education	student	https://github.com/tensae-code/liqlearns-textbooks/blob/main/grade-07/gov/nepal/social-studies-and-human-value-education/full-year.pdf
Grade 7	Nepal	Government	Swasthya, Sharirik tatha Sirjanatmak Kala Kaksha 7 (Health, Physical and Creative Arts Grade 7)	Health, Physical and Creative Arts	student	https://github.com/tensae-code/liqlearns-textbooks/blob/main/grade-07/gov/nepal/health-physical-and-creative-arts/full-year.pdf
Grade 7	Nepal	Government	Teacher's Guide Social Studies and Human Value Education Grade 7 (2079)	Social Studies and Human Value Education	teacher	https://github.com/tensae-code/liqlearns-textbooks/blob/main/grade-07/gov/nepal/social-studies-and-human-value-education/full-year-teacher-guide.pdf
Grade 7	Nigeria	Approved private	New Concept Mathematics for Junior Secondary Schools 1 — Teacher's Guide	Mathematics	teacher	https://github.com/tensae-code/liqlearns-textbooks/blob/main/grade-07/approved-private/nigeria/mathematics/full-year-teacher-guide.pdf
Grade 7	Rwanda	Government	S1 ICT Student Book	ICT	student	https://github.com/tensae-code/liqlearns-textbooks/blob/main/grade-07/gov/rwanda/ict/student/full-year.pdf
Grade 7	Rwanda	Government	S1 ICT Teacher Guide	ICT	teacher	https://github.com/tensae-code/liqlearns-textbooks/blob/main/grade-07/gov/rwanda/ict/teacher-guide/full-year.pdf
Grade 7	Rwanda	Government	S1 Kinyarwanda Student Book	Kinyarwanda	student	https://github.com/tensae-code/liqlearns-textbooks/blob/main/grade-07/gov/rwanda/kinyarwanda/student/full-year.pdf
Grade 7	Rwanda	Government	S1 Kinyarwanda Teacher Guide	Kinyarwanda	teacher	https://github.com/tensae-code/liqlearns-textbooks/blob/main/grade-07/gov/rwanda/kinyarwanda/teacher-guide/full-year.pdf
Grade 7	Rwanda	Government	S1 Kiswahili Student Book	Kiswahili	student	https://github.com/tensae-code/liqlearns-textbooks/blob/main/grade-07/gov/rwanda/kiswahili/student/full-year.pdf
Grade 7	Rwanda	Government	S1 Kiswahili Teacher Guide	Kiswahili	teacher	https://github.com/tensae-code/liqlearns-textbooks/blob/main/grade-07/gov/rwanda/kiswahili/teacher-guide/full-year.pdf
Grade 7	Rwanda	Government	S1 Mathematics Student Book	Mathematics	student	https://github.com/tensae-code/liqlearns-textbooks/blob/main/grade-07/gov/rwanda/mathematics/student/full-year.pdf
Grade 7	Rwanda	Government	S1 Mathematics Teacher Guide	Mathematics	teacher	https://github.com/tensae-code/liqlearns-textbooks/blob/main/grade-07/gov/rwanda/mathematics/teacher-guide/full-year.pdf
Grade 7	Sierra Leone	Government	JSS 1 Language Arts Lesson Plans (Term 1)	Language Arts	teacher	https://github.com/tensae-code/liqlearns-textbooks/blob/main/grade-07/gov/sierra-leone/language-arts/teacher/term-1.pdf
Grade 7	Sierra Leone	Government	JSS 1 Language Arts Lesson Plans (Term 2)	Language Arts	teacher	https://github.com/tensae-code/liqlearns-textbooks/blob/main/grade-07/gov/sierra-leone/language-arts/teacher/term-2.pdf
Grade 7	South Sudan	Government	South Sudan Primary 7 Christian Religious Education Pupil's Book	Christian Religious Education	student	https://github.com/tensae-code/liqlearns-textbooks/blob/main/grade-07/gov/south-sudan/christian-religious-education/full-year-student.pdf
Grade 7	South Sudan	Government	South Sudan Primary 7 English Pupil's Book	English	student	https://github.com/tensae-code/liqlearns-textbooks/blob/main/grade-07/gov/south-sudan/english/full-year-student.pdf
Grade 7	Suriname	Government	Vooruit met rekenen — Deel 1	Mathematics	student	https://github.com/tensae-code/liqlearns-textbooks/blob/main/grade-07/gov/suriname/mathematics/student-deel-1.pdf
Grade 7	Suriname	Government	Vooruit met taal — Deel A (leerlingenboek)	Language (Dutch)	student	https://github.com/tensae-code/liqlearns-textbooks/blob/main/grade-07/gov/suriname/language/student-deel-a.pdf
Grade 7	Suriname	Government	Wij en ons verleden — Leerkrachtenboek	History	teacher	https://github.com/tensae-code/liqlearns-textbooks/blob/main/grade-07/gov/suriname/history/teacher-guide.pdf
Grade 7	Suriname	Government	Wij en ons verleden — Leerlingenboek	History	student	https://github.com/tensae-code/liqlearns-textbooks/blob/main/grade-07/gov/suriname/history/student-wij-en-ons-verleden.pdf
Grade 7	Trinidad and Tobago	Government	Primary School Curriculum - Curriculum Guides: Standard 5	Curriculum Guide	teacher	https://github.com/tensae-code/liqlearns-textbooks/blob/main/grade-07/gov/trinidad-tobago/curriculum-guide/full-year.pdf
Grade 7	Turkey	Government	Matematik 7. Sinif - Semester 1 (1. Kitap)	Mathematics	student	https://github.com/tensae-code/liqlearns-textbooks/blob/main/grade-07/gov/turkey/mathematics/quarter-1-2.pdf
Grade 7	Venezuela	Government	CIENCIAS NATURALES — Propuestas de contenidos para la enseñanza y aprendizajes esperados (Documento para la consulta), Septiembre 2025	Natural Sciences	teacher	https://github.com/tensae-code/liqlearns-textbooks/blob/main/grade-07/gov/venezuela/natural-sciences/full-year.pdf
Grade 7	Venezuela	Government	IDENTIDAD — Propuestas de contenidos para la enseñanza y aprendizajes esperados (Documento para la consulta), Septiembre 2025	Identity	teacher	https://github.com/tensae-code/liqlearns-textbooks/blob/main/grade-07/gov/venezuela/identity/full-year.pdf
Grade 7	Venezuela	Government	MATEMÁTICA — Propuestas de contenidos para la enseñanza y aprendizajes esperados (Documento para la consulta), Septiembre 2025	Mathematics	teacher	https://github.com/tensae-code/liqlearns-textbooks/blob/main/grade-07/gov/venezuela/mathematics/full-year.pdf
Grade 7	Venezuela	Government	PRÁCTICAS DEL LENGUAJE — Propuestas de contenidos para la enseñanza y aprendizajes esperados (Documento para la consulta), Septiembre 2025	Language	teacher	https://github.com/tensae-code/liqlearns-textbooks/blob/main/grade-07/gov/venezuela/language/full-year.pdf
Grade 7	Zambia	Government	Mathematics 1 Teaching Module	Mathematics	teacher	https://github.com/tensae-code/liqlearns-textbooks/blob/main/grade-07/gov/zambia/mathematics/full-year.pdf
Grade 7	Zambia	Government	Mathematics 1 Teaching Module	Mathematics	teacher	https://github.com/tensae-code/liqlearns-textbooks/blob/main/grade-07/gov/zambia/mathematics/full-year-2.pdf
Grade 7	Zambia	Government	Mathematics 2	Mathematics	student	https://github.com/tensae-code/liqlearns-textbooks/blob/main/grade-07/gov/zambia/mathematics/full-year-3.pdf
Grade 7	Zambia	Government	Musical Arts Education Teaching Module	Music	teacher	https://github.com/tensae-code/liqlearns-textbooks/blob/main/grade-07/gov/zambia/music/full-year-2.pdf
Grade 7	Zambia	Government	Physics	Physics	student	https://github.com/tensae-code/liqlearns-textbooks/blob/main/grade-07/gov/zambia/physics/full-year.pdf
Grade 7	Zambia	Government	Principles of Accounts Teaching Module	Principles of Accounts	teacher	https://github.com/tensae-code/liqlearns-textbooks/blob/main/grade-07/gov/zambia/principles-of-accounts/full-year-2.pdf
Grade 8	Bangladesh	Government	Class 8 Art and Culture (Bangla Version)	Art and Culture	student	https://github.com/tensae-code/liqlearns-textbooks/blob/main/grade-08/gov/bangladesh/art-culture/bangla-version/full-year.pdf
Grade 8	Bangladesh	Government	Class 8 Art and Culture (English Version)	Art and Culture	student	https://github.com/tensae-code/liqlearns-textbooks/blob/main/grade-08/gov/bangladesh/art-culture/english-version/full-year.pdf
Grade 8	Bangladesh	Government	Class 8 Bangla (Bangla Version)	Bangla	student	https://github.com/tensae-code/liqlearns-textbooks/blob/main/grade-08/gov/bangladesh/bangla/bangla-version/full-year.pdf
Grade 8	Bangladesh	Government	Class 8 Buddhist Religion Studies (Bangla Version)	Buddhist Religion Studies	student	https://github.com/tensae-code/liqlearns-textbooks/blob/main/grade-08/gov/bangladesh/religion-buddhism/bangla-version/full-year.pdf
Grade 8	Bangladesh	Government	Class 8 Buddhist Religion Studies (English Version)	Buddhist Religion Studies	student	https://github.com/tensae-code/liqlearns-textbooks/blob/main/grade-08/gov/bangladesh/religion-buddhism/english-version/full-year.pdf
Grade 8	Bangladesh	Government	Class 8 Christian Religion Studies (Bangla Version)	Christian Religion Studies	student	https://github.com/tensae-code/liqlearns-textbooks/blob/main/grade-08/gov/bangladesh/religion-christianity/bangla-version/full-year.pdf
Grade 8	Bangladesh	Government	Class 8 Christian Religion Studies (English Version)	Christian Religion Studies	student	https://github.com/tensae-code/liqlearns-textbooks/blob/main/grade-08/gov/bangladesh/religion-christianity/english-version/full-year.pdf
Grade 8	Bangladesh	Government	Class 8 Digital Technology (Bangla Version)	Digital Technology	student	https://github.com/tensae-code/liqlearns-textbooks/blob/main/grade-08/gov/bangladesh/digital-technology/bangla-version/full-year.pdf
Grade 8	Bangladesh	Government	Class 8 Digital Technology (English Version)	Digital Technology	student	https://github.com/tensae-code/liqlearns-textbooks/blob/main/grade-08/gov/bangladesh/digital-technology/english-version/full-year.pdf
Grade 8	Bangladesh	Government	Class 8 English (Single Version)	English	student	https://github.com/tensae-code/liqlearns-textbooks/blob/main/grade-08/gov/bangladesh/english/full-year.pdf
Grade 8	Bangladesh	Government	Class 8 Hindu Religion Studies (Bangla Version)	Hindu Religion Studies	student	https://github.com/tensae-code/liqlearns-textbooks/blob/main/grade-08/gov/bangladesh/religion-hinduism/bangla-version/full-year.pdf
Grade 8	Bangladesh	Government	Class 8 Hindu Religion Studies (English Version)	Hindu Religion Studies	student	https://github.com/tensae-code/liqlearns-textbooks/blob/main/grade-08/gov/bangladesh/religion-hinduism/english-version/full-year.pdf
Grade 8	Bangladesh	Government	Class 8 History and Social Science (Bangla Version)	History and Social Science	student	https://github.com/tensae-code/liqlearns-textbooks/blob/main/grade-08/gov/bangladesh/history-social-science/bangla-version/full-year.pdf
Grade 8	Bangladesh	Government	Class 8 History and Social Science (English Version)	History and Social Science	student	https://github.com/tensae-code/liqlearns-textbooks/releases/download/full-quality-oversized-books/bangladesh-grade-08-history-social-science-english-version.pdf
Grade 8	Bangladesh	Government	Class 8 Islam Religion Studies (Bangla Version)	Islam Religion Studies	student	https://github.com/tensae-code/liqlearns-textbooks/blob/main/grade-08/gov/bangladesh/religion-islam/bangla-version/full-year.pdf
Grade 8	Bangladesh	Government	Class 8 Islam Religion Studies (English Version)	Islam Religion Studies	student	https://github.com/tensae-code/liqlearns-textbooks/blob/main/grade-08/gov/bangladesh/religion-islam/english-version/full-year.pdf
Grade 8	Bangladesh	Government	Class 8 Life and Livelihood (English Version)	Life and Livelihood	student	https://github.com/tensae-code/liqlearns-textbooks/blob/main/grade-08/gov/bangladesh/life-livelihood/english-version/full-year.pdf
Grade 8	Bangladesh	Government	Class 8 Mathematics (Bangla Version)	Mathematics	student	https://github.com/tensae-code/liqlearns-textbooks/blob/main/grade-08/gov/bangladesh/mathematics/bangla-version/full-year.pdf
Grade 8	Bangladesh	Government	Class 8 Mathematics (English Version)	Mathematics	student	https://github.com/tensae-code/liqlearns-textbooks/blob/main/grade-08/gov/bangladesh/mathematics/english-version/full-year.pdf
Grade 8	Bangladesh	Government	Class 8 Science (Exercise Book) (Bangla Version)	Science (Exercise Book)	student	https://github.com/tensae-code/liqlearns-textbooks/blob/main/grade-08/gov/bangladesh/science-exercise/bangla-version/full-year.pdf
Grade 8	Bangladesh	Government	Class 8 Science (Exercise Book) (English Version)	Science (Exercise Book)	student	https://github.com/tensae-code/liqlearns-textbooks/blob/main/grade-08/gov/bangladesh/science-exercise/english-version/full-year.pdf
Grade 8	Bangladesh	Government	Class 8 Science (Investigative Study) (Bangla Version)	Science (Investigative Study)	student	https://github.com/tensae-code/liqlearns-textbooks/blob/main/grade-08/gov/bangladesh/science-investigative/bangla-version/full-year.pdf
Grade 8	Bangladesh	Government	Class 8 Science (Investigative Study) (English Version)	Science (Investigative Study)	student	https://github.com/tensae-code/liqlearns-textbooks/blob/main/grade-08/gov/bangladesh/science-investigative/english-version/full-year.pdf
Grade 8	Bangladesh	Government	Class 8 Wellbeing (Bangla Version)	Wellbeing	student	https://github.com/tensae-code/liqlearns-textbooks/blob/main/grade-08/gov/bangladesh/wellbeing/bangla-version/full-year.pdf
Grade 8	Bangladesh	Government	Class 8 Wellbeing (English Version)	Wellbeing	student	https://github.com/tensae-code/liqlearns-textbooks/blob/main/grade-08/gov/bangladesh/wellbeing/english-version/full-year.pdf
Grade 8	Djibouti	Government	Guide de Vie Scolaire — 8e-9e annee	School Life	teacher	https://github.com/tensae-code/liqlearns-textbooks/blob/main/grade-08/gov/djibouti/school-life/full-year.pdf
Grade 8	Djibouti	Government	Guide du professeur Physique-Chimie — 8eme annee	Physics and Chemistry	teacher	https://github.com/tensae-code/liqlearns-textbooks/blob/main/grade-08/gov/djibouti/physics-chemistry/full-year.pdf
Grade 8	Ethiopia	Government	Grade 8 Career and Technical Education Student Textbook	Career and Technical Education	student	https://github.com/tensae-code/liqlearns-textbooks/blob/main/grade-08/gov/ethiopia/career-and-technical-education/student/full-year.pdf
Grade 8	Ethiopia	Government	Grade 8 Citizenship Education Student Textbook	Citizenship Education	student	https://github.com/tensae-code/liqlearns-textbooks/blob/main/grade-08/gov/ethiopia/citizenship-education/student/full-year.pdf
Grade 8	Ethiopia	Government	Grade 8 English Student Textbook	English	student	https://github.com/tensae-code/liqlearns-textbooks/blob/main/grade-08/gov/ethiopia/english/student/full-year.pdf
Grade 8	Ethiopia	Government	Grade 8 Health and Physical Education Student Textbook	Health and Physical Education	student	https://github.com/tensae-code/liqlearns-textbooks/blob/main/grade-08/gov/ethiopia/health-and-physical-education/student/full-year.pdf
Grade 8	Ethiopia	Government	Grade 8 Information Technology Student Textbook	Information Technology	student	https://github.com/tensae-code/liqlearns-textbooks/blob/main/grade-08/gov/ethiopia/information-technology/student/full-year.pdf
Grade 8	Ethiopia	Government	Grade 8 Mathematics Student Textbook	Mathematics	student	https://github.com/tensae-code/liqlearns-textbooks/blob/main/grade-08/gov/ethiopia/mathematics/student/full-year.pdf
Grade 8	Ethiopia	Government	Grade 8 Social Studies Student Textbook	Social Studies	student	https://github.com/tensae-code/liqlearns-textbooks/blob/main/grade-08/gov/ethiopia/social-studies/student/full-year.pdf
Grade 8	Ethiopia	Government	Grade 8 Visual and Performing Art Student Textbook	Visual and Performing Art	student	https://github.com/tensae-code/liqlearns-textbooks/blob/main/grade-08/gov/ethiopia/visual-and-performing-art/student/full-year.pdf
Grade 8	Nepal	Government	Ganit Kaksha 8 (Mathematics Grade 8)	Mathematics	student	https://github.com/tensae-code/liqlearns-textbooks/blob/main/grade-08/gov/nepal/mathematics/full-year.pdf
Grade 8	Nepal	Government	Samajik Shiksha Kaksha 8 (Social Studies Grade 8)	Social Studies and Human Value Education	student	https://github.com/tensae-code/liqlearns-textbooks/blob/main/grade-08/gov/nepal/social-studies-and-human-value-education/full-year.pdf
Grade 8	Nepal	Government	Shikshak Nirdeshika Adharbhut Taha, Kaksha 8 Ganit (2081) (Teacher's Guide Mathematics Grade 8)	Mathematics	teacher	https://github.com/tensae-code/liqlearns-textbooks/blob/main/grade-08/gov/nepal/mathematics/full-year-teacher-guide.pdf
Grade 8	Nepal	Government	Shikshak Nirdeshika Adharbhut Taha, Kaksha 8 Nepali (2081) (Teacher's Guide Nepali Grade 8)	Nepali	teacher	https://github.com/tensae-code/liqlearns-textbooks/blob/main/grade-08/gov/nepal/nepali/full-year-teacher-guide.pdf
Grade 8	Nepal	Government	Shikshak Nirdeshika Samajik Adhyayan tatha Manav Mulya Shiksha Kaksha 8 (Teacher's Guide Social Studies and Human Value Education Grade 8)	Social Studies and Human Value Education	teacher	https://github.com/tensae-code/liqlearns-textbooks/blob/main/grade-08/gov/nepal/social-studies-and-human-value-education/full-year-teacher-guide.pdf
Grade 8	Nepal	Government	Swasthya tatha Sharirik Shiksha Kaksha 8 (Health and Physical Education Grade 8)	Health and Physical Education	student	https://github.com/tensae-code/liqlearns-textbooks/blob/main/grade-08/gov/nepal/health-physical-and-creative-arts/full-year.pdf
Grade 8	Rwanda	Government	S2 Home Science Teacher Guide	Home Science	teacher	https://github.com/tensae-code/liqlearns-textbooks/blob/main/grade-08/gov/rwanda/home-science/teacher-guide/full-year.pdf
Grade 8	Rwanda	Government	S2 ICT Student Book	ICT	student	https://github.com/tensae-code/liqlearns-textbooks/blob/main/grade-08/gov/rwanda/ict/student/full-year.pdf
Grade 8	Rwanda	Government	S2 ICT Teacher Guide	ICT	teacher	https://github.com/tensae-code/liqlearns-textbooks/blob/main/grade-08/gov/rwanda/ict/teacher-guide/full-year.pdf
Grade 8	Rwanda	Government	S2 Kinyarwanda Student Book	Kinyarwanda	student	https://github.com/tensae-code/liqlearns-textbooks/blob/main/grade-08/gov/rwanda/kinyarwanda/student/full-year.pdf
Grade 8	Rwanda	Government	S2 Kinyarwanda Teacher Guide	Kinyarwanda	teacher	https://github.com/tensae-code/liqlearns-textbooks/blob/main/grade-08/gov/rwanda/kinyarwanda/teacher-guide/full-year.pdf
Grade 8	Rwanda	Government	S2 Kiswahili Student Book	Kiswahili	student	https://github.com/tensae-code/liqlearns-textbooks/blob/main/grade-08/gov/rwanda/kiswahili/student/full-year.pdf
Grade 8	Rwanda	Government	S2 Kiswahili Teacher Guide	Kiswahili	teacher	https://github.com/tensae-code/liqlearns-textbooks/blob/main/grade-08/gov/rwanda/kiswahili/teacher-guide/full-year.pdf
Grade 8	South Sudan	Government	South Sudan Primary 8 English Teacher's Guide	English	teacher	https://github.com/tensae-code/liqlearns-textbooks/blob/main/grade-08/gov/south-sudan/english/full-year-teacher-guide.pdf
Grade 8	South Sudan	Government	South Sudan Primary 8 Social Studies Pupil's Book	Social Studies	student	https://github.com/tensae-code/liqlearns-textbooks/blob/main/grade-08/gov/south-sudan/social-studies/full-year-student.pdf
Grade 8	Suriname	Government	Vooruit met rekenen — Deel 1	Mathematics	student	https://github.com/tensae-code/liqlearns-textbooks/blob/main/grade-08/gov/suriname/mathematics/student-deel-1.pdf
Grade 8	Suriname	Government	Vooruit met taal — Deel A (leerlingenboek)	Language (Dutch)	student	https://github.com/tensae-code/liqlearns-textbooks/blob/main/grade-08/gov/suriname/language/student-deel-a.pdf
Grade 8	Suriname	Government	Wij en ons verleden — Leerkrachtenboek	History	teacher	https://github.com/tensae-code/liqlearns-textbooks/blob/main/grade-08/gov/suriname/history/teacher-guide.pdf
Grade 8	Suriname	Government	Wij en ons verleden — Leerlingenboek	History	student	https://github.com/tensae-code/liqlearns-textbooks/blob/main/grade-08/gov/suriname/history/student-wij-en-ons-verleden.pdf
Grade 8	Venezuela	Government	CIENCIAS NATURALES — Propuestas de contenidos para la enseñanza y aprendizajes esperados (Documento para la consulta), Septiembre 2025	Natural Sciences	teacher	https://github.com/tensae-code/liqlearns-textbooks/blob/main/grade-08/gov/venezuela/natural-sciences/full-year.pdf
Grade 8	Venezuela	Government	IDENTIDAD — Propuestas de contenidos para la enseñanza y aprendizajes esperados (Documento para la consulta), Septiembre 2025	Identity	teacher	https://github.com/tensae-code/liqlearns-textbooks/blob/main/grade-08/gov/venezuela/identity/full-year.pdf
Grade 8	Venezuela	Government	MATEMÁTICA — Propuestas de contenidos para la enseñanza y aprendizajes esperados (Documento para la consulta), Septiembre 2025	Mathematics	teacher	https://github.com/tensae-code/liqlearns-textbooks/blob/main/grade-08/gov/venezuela/mathematics/full-year.pdf
Grade 8	Venezuela	Government	PRÁCTICAS DEL LENGUAJE — Propuestas de contenidos para la enseñanza y aprendizajes esperados (Documento para la consulta), Septiembre 2025	Language	teacher	https://github.com/tensae-code/liqlearns-textbooks/blob/main/grade-08/gov/venezuela/language/full-year.pdf
Grade 8	Zambia	Government	Chemistry Teaching Module Form 2 Term 3	Chemistry	teacher	https://github.com/tensae-code/liqlearns-textbooks/blob/main/grade-08/gov/zambia/chemistry/term-3.pdf
Grade 8	Zambia	Government	Chitonga Teaching Module Form 2 Term 3	Zambian Languages	teacher	https://github.com/tensae-code/liqlearns-textbooks/blob/main/grade-08/gov/zambia/zambian-languages/term-3-2.pdf
Grade 8	Zambia	Government	French Teaching Module Form 2 Term 3	French	teacher	https://github.com/tensae-code/liqlearns-textbooks/blob/main/grade-08/gov/zambia/french/term-3.pdf
Grade 8	Zambia	Government	Geography Teaching Module Form 2 Term 3	Geography	teacher	https://github.com/tensae-code/liqlearns-textbooks/blob/main/grade-08/gov/zambia/geography/term-3.pdf
Grade 8	Zambia	Government	History Teaching Module Form 2 Term 3	History	teacher	https://github.com/tensae-code/liqlearns-textbooks/blob/main/grade-08/gov/zambia/history/term-3.pdf
Grade 8	Zambia	Government	Hospitality Management Teaching Module Form 2 Term 3	Hospitality Management	teacher	https://github.com/tensae-code/liqlearns-textbooks/blob/main/grade-08/gov/zambia/hospitality-management/term-3.pdf
Grade 8	Zambia	Government	Kikaonde Teaching Module Form 2 Term 3	Zambian Languages	teacher	https://github.com/tensae-code/liqlearns-textbooks/blob/main/grade-08/gov/zambia/zambian-languages/term-3.pdf
Grade 8	Zambia	Government	Literature in English Teaching Module Form 2 Term 3	Literature in English	teacher	https://github.com/tensae-code/liqlearns-textbooks/blob/main/grade-08/gov/zambia/literature-in-english/term-3.pdf
Grade 8	Zambia	Government	Literature in Kikaonde Teaching Module Form 2 Term 3	Literature in Zambian Languages	teacher	https://github.com/tensae-code/liqlearns-textbooks/blob/main/grade-08/gov/zambia/literature-in-zambian-languages/term-3.pdf
Grade 8	Zambia	Government	Physics Teaching Module Form 2 Term 3	Physics	teacher	https://github.com/tensae-code/liqlearns-textbooks/blob/main/grade-08/gov/zambia/physics/term-3.pdf
Grade 9	Bangladesh	Government	Class 9 Art and Culture (Bangla Version)	Art and Culture	student	https://github.com/tensae-code/liqlearns-textbooks/blob/main/grade-09/gov/bangladesh/art-culture/bangla-version/full-year.pdf
Grade 9	Bangladesh	Government	Class 9 Art and Culture (English Version)	Art and Culture	student	https://github.com/tensae-code/liqlearns-textbooks/blob/main/grade-09/gov/bangladesh/art-culture/english-version/full-year.pdf
Grade 9	Bangladesh	Government	Class 9 Bangla (Bangla Version)	Bangla	student	https://github.com/tensae-code/liqlearns-textbooks/blob/main/grade-09/gov/bangladesh/bangla/bangla-version/full-year.pdf
Grade 9	Bangladesh	Government	Class 9 Buddhist Religion Studies (Bangla Version)	Buddhist Religion Studies	student	https://github.com/tensae-code/liqlearns-textbooks/blob/main/grade-09/gov/bangladesh/religion-buddhism/bangla-version/full-year.pdf
Grade 9	Bangladesh	Government	Class 9 Buddhist Religion Studies (English Version)	Buddhist Religion Studies	student	https://github.com/tensae-code/liqlearns-textbooks/blob/main/grade-09/gov/bangladesh/religion-buddhism/english-version/full-year.pdf
Grade 9	Bangladesh	Government	Class 9 Christian Religion Studies (Bangla Version)	Christian Religion Studies	student	https://github.com/tensae-code/liqlearns-textbooks/blob/main/grade-09/gov/bangladesh/religion-christianity/bangla-version/full-year.pdf
Grade 9	Bangladesh	Government	Class 9 Christian Religion Studies (English Version)	Christian Religion Studies	student	https://github.com/tensae-code/liqlearns-textbooks/blob/main/grade-09/gov/bangladesh/religion-christianity/english-version/full-year.pdf
Grade 9	Bangladesh	Government	Class 9 Digital Technology (Bangla Version)	Digital Technology	student	https://github.com/tensae-code/liqlearns-textbooks/blob/main/grade-09/gov/bangladesh/digital-technology/bangla-version/full-year.pdf
Grade 9	Bangladesh	Government	Class 9 Digital Technology (English Version)	Digital Technology	student	https://github.com/tensae-code/liqlearns-textbooks/blob/main/grade-09/gov/bangladesh/digital-technology/english-version/full-year.pdf
Grade 9	Bangladesh	Government	Class 9 English (Single Version)	English	student	https://github.com/tensae-code/liqlearns-textbooks/blob/main/grade-09/gov/bangladesh/english/full-year.pdf
Grade 9	Bangladesh	Government	Class 9 Hindu Religion Studies (Bangla Version)	Hindu Religion Studies	student	https://github.com/tensae-code/liqlearns-textbooks/blob/main/grade-09/gov/bangladesh/religion-hinduism/bangla-version/full-year.pdf
Grade 9	Bangladesh	Government	Class 9 Hindu Religion Studies (English Version)	Hindu Religion Studies	student	https://github.com/tensae-code/liqlearns-textbooks/blob/main/grade-09/gov/bangladesh/religion-hinduism/english-version/full-year.pdf
Grade 9	Bangladesh	Government	Class 9 History and Social Science (Bangla Version)	History and Social Science	student	https://github.com/tensae-code/liqlearns-textbooks/blob/main/grade-09/gov/bangladesh/history-social-science/bangla-version/full-year.pdf
Grade 9	Bangladesh	Government	Class 9 History and Social Science (English Version)	History and Social Science	student	https://github.com/tensae-code/liqlearns-textbooks/blob/main/grade-09/gov/bangladesh/history-social-science/english-version/full-year.pdf
Grade 9	Bangladesh	Government	Class 9 Islam Religion Studies (Bangla Version)	Islam Religion Studies	student	https://github.com/tensae-code/liqlearns-textbooks/blob/main/grade-09/gov/bangladesh/religion-islam/bangla-version/full-year.pdf
Grade 9	Bangladesh	Government	Class 9 Islam Religion Studies (English Version)	Islam Religion Studies	student	https://github.com/tensae-code/liqlearns-textbooks/blob/main/grade-09/gov/bangladesh/religion-islam/english-version/full-year.pdf
Grade 9	Bangladesh	Government	Class 9 Mathematics (Bangla Version)	Mathematics	student	https://github.com/tensae-code/liqlearns-textbooks/blob/main/grade-09/gov/bangladesh/mathematics/bangla-version/full-year.pdf
Grade 9	Bangladesh	Government	Class 9 Mathematics (English Version)	Mathematics	student	https://github.com/tensae-code/liqlearns-textbooks/blob/main/grade-09/gov/bangladesh/mathematics/english-version/full-year.pdf
Grade 9	Bangladesh	Government	Class 9 Science (Exercise Book) (Bangla Version)	Science (Exercise Book)	student	https://github.com/tensae-code/liqlearns-textbooks/blob/main/grade-09/gov/bangladesh/science-exercise/bangla-version/full-year.pdf
Grade 9	Bangladesh	Government	Class 9 Science (Exercise Book) (English Version)	Science (Exercise Book)	student	https://github.com/tensae-code/liqlearns-textbooks/blob/main/grade-09/gov/bangladesh/science-exercise/english-version/full-year.pdf
Grade 9	Bangladesh	Government	Class 9 Science (Investigative Study) (Bangla Version)	Science (Investigative Study)	student	https://github.com/tensae-code/liqlearns-textbooks/blob/main/grade-09/gov/bangladesh/science-investigative/bangla-version/full-year.pdf
Grade 9	Bangladesh	Government	Class 9 Science (Investigative Study) (English Version)	Science (Investigative Study)	student	https://github.com/tensae-code/liqlearns-textbooks/blob/main/grade-09/gov/bangladesh/science-investigative/english-version/full-year.pdf
Grade 9	Bangladesh	Government	Class 9 Wellbeing (Bangla Version)	Wellbeing	student	https://github.com/tensae-code/liqlearns-textbooks/blob/main/grade-09/gov/bangladesh/wellbeing/bangla-version/full-year.pdf
Grade 9	Bangladesh	Government	Class 9 Wellbeing (English Version)	Wellbeing	student	https://github.com/tensae-code/liqlearns-textbooks/blob/main/grade-09/gov/bangladesh/wellbeing/english-version/full-year.pdf
Grade 9	Ethiopia	Government	Grade 9 Biology Student Textbook	Biology	student	https://github.com/tensae-code/liqlearns-textbooks/blob/main/grade-09/gov/ethiopia/biology/student/full-year.pdf
Grade 9	Ethiopia	Government	Grade 9 Chemistry Student Textbook	Chemistry	student	https://github.com/tensae-code/liqlearns-textbooks/blob/main/grade-09/gov/ethiopia/chemistry/student/full-year.pdf
Grade 9	Ethiopia	Government	Grade 9 Citizenship Education Student Textbook	Citizenship Education	student	https://github.com/tensae-code/liqlearns-textbooks/blob/main/grade-09/gov/ethiopia/citizenship-education/student/full-year.pdf
Grade 9	Ethiopia	Government	Grade 9 Economics Student Textbook	Economics	student	https://github.com/tensae-code/liqlearns-textbooks/blob/main/grade-09/gov/ethiopia/economics/student/full-year.pdf
Grade 9	Ethiopia	Government	Grade 9 English Student Textbook	English	student	https://github.com/tensae-code/liqlearns-textbooks/blob/main/grade-09/gov/ethiopia/english/student/full-year.pdf
Grade 9	Ethiopia	Government	Grade 9 Geography Student Textbook	Geography	student	https://github.com/tensae-code/liqlearns-textbooks/blob/main/grade-09/gov/ethiopia/geography/student/full-year.pdf
Grade 9	Ethiopia	Government	Grade 9 Health and Physical Education Student Textbook	Health and Physical Education	student	https://github.com/tensae-code/liqlearns-textbooks/blob/main/grade-09/gov/ethiopia/health-and-physical-education/student/full-year.pdf
Grade 9	Ethiopia	Government	Grade 9 History Student Textbook	History	student	https://github.com/tensae-code/liqlearns-textbooks/blob/main/grade-09/gov/ethiopia/history/student/full-year.pdf
Grade 9	Ethiopia	Government	Grade 9 Information Technology Student Textbook	Information Technology	student	https://github.com/tensae-code/liqlearns-textbooks/blob/main/grade-09/gov/ethiopia/information-technology/student/full-year.pdf
Grade 9	Ethiopia	Government	Grade 9 Mathematics Student Textbook	Mathematics	student	https://github.com/tensae-code/liqlearns-textbooks/blob/main/grade-09/gov/ethiopia/mathematics/student/full-year.pdf
Grade 9	Ethiopia	Government	Grade 9 Physics Student Textbook	Physics	student	https://github.com/tensae-code/liqlearns-textbooks/blob/main/grade-09/gov/ethiopia/physics/student/full-year.pdf
Grade 9	Nepal	Government	English, Grade 9, 2079	English	student	https://github.com/tensae-code/liqlearns-textbooks/blob/main/grade-09/gov/nepal/english/full-year.pdf
Grade 9	Nepal	Government	Ganit Kaksha 9, 2079 (Mathematics Grade 9)	Mathematics	student	https://github.com/tensae-code/liqlearns-textbooks/blob/main/grade-09/gov/nepal/mathematics/full-year.pdf
Grade 9	Nepal	Government	Nepali Grade 9 (2082 web edition)	Nepali	student	https://github.com/tensae-code/liqlearns-textbooks/blob/main/grade-09/gov/nepal/nepali/full-year.pdf
Grade 9	Nepal	Government	Optional Mathematics Grade 9	Optional Mathematics	student	https://github.com/tensae-code/liqlearns-textbooks/blob/main/grade-09/gov/nepal/optional-mathematics/full-year.pdf
Grade 9	Nepal	Government	Samajik Adhyayan Kaksha 9, 2079 (Social Studies Grade 9)	Social Studies	student	https://github.com/tensae-code/liqlearns-textbooks/blob/main/grade-09/gov/nepal/social-studies/full-year.pdf
Grade 9	Nepal	Government	Science Grade 9 (English Version)	Science and Technology	student	https://github.com/tensae-code/liqlearns-textbooks/blob/main/grade-09/gov/nepal/science-and-technology/english-medium/full-year.pdf
Grade 9	Nepal	Government	Teachers' Guide English Grade 9	English	teacher	https://github.com/tensae-code/liqlearns-textbooks/blob/main/grade-09/gov/nepal/english/full-year-teacher-guide.pdf
Grade 9	Poland	Government	Ars longa. Przemiany sztuki — Tom I	Art History	student	https://github.com/tensae-code/liqlearns-textbooks/blob/main/grade-09/gov/poland/art-history/full-year.pdf
Grade 9	Rwanda	Government	S3 ICT Student Book	ICT	student	https://github.com/tensae-code/liqlearns-textbooks/blob/main/grade-09/gov/rwanda/ict/student/full-year.pdf
Grade 9	Rwanda	Government	S3 ICT Teacher Guide	ICT	teacher	https://github.com/tensae-code/liqlearns-textbooks/blob/main/grade-09/gov/rwanda/ict/teacher-guide/full-year.pdf
Grade 9	Rwanda	Government	S3 Kinyarwanda Student Book	Kinyarwanda	student	https://github.com/tensae-code/liqlearns-textbooks/blob/main/grade-09/gov/rwanda/kinyarwanda/student/full-year.pdf
Grade 9	Rwanda	Government	S3 Kinyarwanda Teacher Guide	Kinyarwanda	teacher	https://github.com/tensae-code/liqlearns-textbooks/blob/main/grade-09/gov/rwanda/kinyarwanda/teacher-guide/full-year.pdf
Grade 9	Rwanda	Government	S3 Kiswahili Student Book	Kiswahili	student	https://github.com/tensae-code/liqlearns-textbooks/blob/main/grade-09/gov/rwanda/kiswahili/student/full-year.pdf
Grade 9	Rwanda	Government	S3 Kiswahili Teacher Guide	Kiswahili	teacher	https://github.com/tensae-code/liqlearns-textbooks/blob/main/grade-09/gov/rwanda/kiswahili/teacher-guide/full-year.pdf
Grade 9	Sri Lanka	Government	Grade 9 Mathematics (Sinhala medium) - Chapter 1	Mathematics	student	https://github.com/tensae-code/liqlearns-textbooks/blob/main/grade-09/gov/sri-lanka/mathematics/chapter-01.pdf
Grade 9	Sri Lanka	Government	Grade 9 Mathematics (Sinhala medium) - Chapter 10	Mathematics	student	https://github.com/tensae-code/liqlearns-textbooks/blob/main/grade-09/gov/sri-lanka/mathematics/chapter-10.pdf
Grade 9	Sri Lanka	Government	Grade 9 Mathematics (Sinhala medium) - Chapter 11	Mathematics	student	https://github.com/tensae-code/liqlearns-textbooks/blob/main/grade-09/gov/sri-lanka/mathematics/chapter-11.pdf
Grade 9	Sri Lanka	Government	Grade 9 Mathematics (Sinhala medium) - Chapter 12	Mathematics	student	https://github.com/tensae-code/liqlearns-textbooks/blob/main/grade-09/gov/sri-lanka/mathematics/chapter-12.pdf
Grade 9	Sri Lanka	Government	Grade 9 Mathematics (Sinhala medium) - Chapter 13	Mathematics	student	https://github.com/tensae-code/liqlearns-textbooks/blob/main/grade-09/gov/sri-lanka/mathematics/chapter-13.pdf
Grade 9	Sri Lanka	Government	Grade 9 Mathematics (Sinhala medium) - Chapter 14	Mathematics	student	https://github.com/tensae-code/liqlearns-textbooks/blob/main/grade-09/gov/sri-lanka/mathematics/chapter-14.pdf
Grade 9	Sri Lanka	Government	Grade 9 Mathematics (Sinhala medium) - Chapter 15	Mathematics	student	https://github.com/tensae-code/liqlearns-textbooks/blob/main/grade-09/gov/sri-lanka/mathematics/chapter-15.pdf
Grade 9	Sri Lanka	Government	Grade 9 Mathematics (Sinhala medium) - Chapter 16	Mathematics	student	https://github.com/tensae-code/liqlearns-textbooks/blob/main/grade-09/gov/sri-lanka/mathematics/chapter-16.pdf
Grade 9	Sri Lanka	Government	Grade 9 Mathematics (Sinhala medium) - Chapter 17	Mathematics	student	https://github.com/tensae-code/liqlearns-textbooks/blob/main/grade-09/gov/sri-lanka/mathematics/chapter-17.pdf
Grade 9	Sri Lanka	Government	Grade 9 Mathematics (Sinhala medium) - Chapter 18	Mathematics	student	https://github.com/tensae-code/liqlearns-textbooks/blob/main/grade-09/gov/sri-lanka/mathematics/chapter-18.pdf
Grade 9	Sri Lanka	Government	Grade 9 Mathematics (Sinhala medium) - Chapter 19	Mathematics	student	https://github.com/tensae-code/liqlearns-textbooks/blob/main/grade-09/gov/sri-lanka/mathematics/chapter-19.pdf
Grade 9	Sri Lanka	Government	Grade 9 Mathematics (Sinhala medium) - Chapter 2	Mathematics	student	https://github.com/tensae-code/liqlearns-textbooks/blob/main/grade-09/gov/sri-lanka/mathematics/chapter-02.pdf
Grade 9	Sri Lanka	Government	Grade 9 Mathematics (Sinhala medium) - Chapter 20	Mathematics	student	https://github.com/tensae-code/liqlearns-textbooks/blob/main/grade-09/gov/sri-lanka/mathematics/chapter-20.pdf
Grade 9	Sri Lanka	Government	Grade 9 Mathematics (Sinhala medium) - Chapter 3	Mathematics	student	https://github.com/tensae-code/liqlearns-textbooks/blob/main/grade-09/gov/sri-lanka/mathematics/chapter-03.pdf
Grade 9	Sri Lanka	Government	Grade 9 Mathematics (Sinhala medium) - Chapter 4	Mathematics	student	https://github.com/tensae-code/liqlearns-textbooks/blob/main/grade-09/gov/sri-lanka/mathematics/chapter-04.pdf
Grade 9	Sri Lanka	Government	Grade 9 Mathematics (Sinhala medium) - Chapter 5	Mathematics	student	https://github.com/tensae-code/liqlearns-textbooks/blob/main/grade-09/gov/sri-lanka/mathematics/chapter-05.pdf
Grade 9	Sri Lanka	Government	Grade 9 Mathematics (Sinhala medium) - Chapter 6	Mathematics	student	https://github.com/tensae-code/liqlearns-textbooks/blob/main/grade-09/gov/sri-lanka/mathematics/chapter-06.pdf
Grade 9	Sri Lanka	Government	Grade 9 Mathematics (Sinhala medium) - Chapter 7	Mathematics	student	https://github.com/tensae-code/liqlearns-textbooks/blob/main/grade-09/gov/sri-lanka/mathematics/chapter-07.pdf
Grade 9	Sri Lanka	Government	Grade 9 Mathematics (Sinhala medium) - Chapter 8	Mathematics	student	https://github.com/tensae-code/liqlearns-textbooks/blob/main/grade-09/gov/sri-lanka/mathematics/chapter-08.pdf
Grade 9	Sri Lanka	Government	Grade 9 Mathematics (Sinhala medium) - Chapter 9	Mathematics	student	https://github.com/tensae-code/liqlearns-textbooks/blob/main/grade-09/gov/sri-lanka/mathematics/chapter-09.pdf
Grade 9	Sri Lanka	Government	Grade 9 Mathematics (Sinhala medium) - Part II, Chapter 20	Mathematics	student	https://github.com/tensae-code/liqlearns-textbooks/blob/main/grade-09/gov/sri-lanka/mathematics/part-2/chapter-20.pdf
Grade 9	Sri Lanka	Government	Grade 9 Mathematics (Sinhala medium) - Part II, Chapter 21	Mathematics	student	https://github.com/tensae-code/liqlearns-textbooks/blob/main/grade-09/gov/sri-lanka/mathematics/part-2/chapter-21.pdf
Grade 9	Sri Lanka	Government	Grade 9 Mathematics (Sinhala medium) - Part II, Chapter 22	Mathematics	student	https://github.com/tensae-code/liqlearns-textbooks/blob/main/grade-09/gov/sri-lanka/mathematics/part-2/chapter-22.pdf
Grade 9	Sri Lanka	Government	Grade 9 Mathematics (Sinhala medium) - Part II, Chapter 23	Mathematics	student	https://github.com/tensae-code/liqlearns-textbooks/blob/main/grade-09/gov/sri-lanka/mathematics/part-2/chapter-23.pdf
Grade 9	Sri Lanka	Government	Grade 9 Mathematics (Sinhala medium) - Part II, Chapter 24	Mathematics	student	https://github.com/tensae-code/liqlearns-textbooks/blob/main/grade-09/gov/sri-lanka/mathematics/part-2/chapter-24.pdf
Grade 9	Sri Lanka	Government	Grade 9 Mathematics (Sinhala medium) - Part II, Chapter 25	Mathematics	student	https://github.com/tensae-code/liqlearns-textbooks/blob/main/grade-09/gov/sri-lanka/mathematics/part-2/chapter-25.pdf
Grade 9	Sri Lanka	Government	Grade 9 Mathematics (Sinhala medium) - Part II, Chapter 27	Mathematics	student	https://github.com/tensae-code/liqlearns-textbooks/blob/main/grade-09/gov/sri-lanka/mathematics/part-2/chapter-27.pdf
Grade 9	Sri Lanka	Government	Grade 9 Mathematics (Sinhala medium) - Part II, Chapter 28	Mathematics	student	https://github.com/tensae-code/liqlearns-textbooks/blob/main/grade-09/gov/sri-lanka/mathematics/part-2/chapter-28.pdf
Grade 9	Sri Lanka	Government	Grade 9 Mathematics - Teacher Guide (new syllabus, Sinhala medium)	Mathematics	teacher	https://github.com/tensae-code/liqlearns-textbooks/blob/main/grade-09/gov/sri-lanka/mathematics/teacher-guide.pdf
Grade 9	Venezuela	Government	CIENCIAS NATURALES — Propuestas de contenidos para la enseñanza y aprendizajes esperados (Documento para la consulta), Septiembre 2025	Natural Sciences	teacher	https://github.com/tensae-code/liqlearns-textbooks/blob/main/grade-09/gov/venezuela/natural-sciences/full-year.pdf
Grade 9	Venezuela	Government	IDENTIDAD — Propuestas de contenidos para la enseñanza y aprendizajes esperados (Documento para la consulta), Septiembre 2025	Identity	teacher	https://github.com/tensae-code/liqlearns-textbooks/blob/main/grade-09/gov/venezuela/identity/full-year.pdf
Grade 9	Venezuela	Government	MATEMÁTICA — Propuestas de contenidos para la enseñanza y aprendizajes esperados (Documento para la consulta), Septiembre 2025	Mathematics	teacher	https://github.com/tensae-code/liqlearns-textbooks/blob/main/grade-09/gov/venezuela/mathematics/full-year.pdf
Grade 9	Venezuela	Government	PRÁCTICAS DEL LENGUAJE — Propuestas de contenidos para la enseñanza y aprendizajes esperados (Documento para la consulta), Septiembre 2025	Language	teacher	https://github.com/tensae-code/liqlearns-textbooks/blob/main/grade-09/gov/venezuela/language/full-year.pdf
Grade 10	Bangladesh	Government	Class 9-10 (shared SSC) Art and Culture (Bangla Version)	Art and Culture	student	https://github.com/tensae-code/liqlearns-textbooks/blob/main/grade-10/gov/bangladesh/art-culture/bangla-version/full-year.pdf
Grade 10	Bangladesh	Government	Class 9-10 (shared SSC) Art and Culture (English Version)	Art and Culture	student	https://github.com/tensae-code/liqlearns-textbooks/blob/main/grade-10/gov/bangladesh/art-culture/english-version/full-year.pdf
Grade 10	Bangladesh	Government	Class 9-10 (shared SSC) Bangla (Bangla Version)	Bangla	student	https://github.com/tensae-code/liqlearns-textbooks/blob/main/grade-10/gov/bangladesh/bangla/bangla-version/full-year.pdf
Grade 10	Bangladesh	Government	Class 9-10 (shared SSC) Buddhist Religion Studies (Bangla Version)	Buddhist Religion Studies	student	https://github.com/tensae-code/liqlearns-textbooks/blob/main/grade-10/gov/bangladesh/religion-buddhism/bangla-version/full-year.pdf
Grade 10	Bangladesh	Government	Class 9-10 (shared SSC) Buddhist Religion Studies (English Version)	Buddhist Religion Studies	student	https://github.com/tensae-code/liqlearns-textbooks/blob/main/grade-10/gov/bangladesh/religion-buddhism/english-version/full-year.pdf
Grade 10	Bangladesh	Government	Class 9-10 (shared SSC) Christian Religion Studies (Bangla Version)	Christian Religion Studies	student	https://github.com/tensae-code/liqlearns-textbooks/blob/main/grade-10/gov/bangladesh/religion-christianity/bangla-version/full-year.pdf
Grade 10	Bangladesh	Government	Class 9-10 (shared SSC) Christian Religion Studies (English Version)	Christian Religion Studies	student	https://github.com/tensae-code/liqlearns-textbooks/blob/main/grade-10/gov/bangladesh/religion-christianity/english-version/full-year.pdf
Grade 10	Bangladesh	Government	Class 9-10 (shared SSC) Digital Technology (Bangla Version)	Digital Technology	student	https://github.com/tensae-code/liqlearns-textbooks/blob/main/grade-10/gov/bangladesh/digital-technology/bangla-version/full-year.pdf
Grade 10	Bangladesh	Government	Class 9-10 (shared SSC) Digital Technology (English Version)	Digital Technology	student	https://github.com/tensae-code/liqlearns-textbooks/blob/main/grade-10/gov/bangladesh/digital-technology/english-version/full-year.pdf
Grade 10	Bangladesh	Government	Class 9-10 (shared SSC) English (Single Version)	English	student	https://github.com/tensae-code/liqlearns-textbooks/blob/main/grade-10/gov/bangladesh/english/full-year.pdf
Grade 10	Bangladesh	Government	Class 9-10 (shared SSC) Hindu Religion Studies (Bangla Version)	Hindu Religion Studies	student	https://github.com/tensae-code/liqlearns-textbooks/blob/main/grade-10/gov/bangladesh/religion-hinduism/bangla-version/full-year.pdf
Grade 10	Bangladesh	Government	Class 9-10 (shared SSC) Hindu Religion Studies (English Version)	Hindu Religion Studies	student	https://github.com/tensae-code/liqlearns-textbooks/blob/main/grade-10/gov/bangladesh/religion-hinduism/english-version/full-year.pdf
Grade 10	Bangladesh	Government	Class 9-10 (shared SSC) History and Social Science (Bangla Version)	History and Social Science	student	https://github.com/tensae-code/liqlearns-textbooks/blob/main/grade-10/gov/bangladesh/history-social-science/bangla-version/full-year.pdf
Grade 10	Bangladesh	Government	Class 9-10 (shared SSC) History and Social Science (English Version)	History and Social Science	student	https://github.com/tensae-code/liqlearns-textbooks/blob/main/grade-10/gov/bangladesh/history-social-science/english-version/full-year.pdf
Grade 10	Bangladesh	Government	Class 9-10 (shared SSC) Islam Religion Studies (Bangla Version)	Islam Religion Studies	student	https://github.com/tensae-code/liqlearns-textbooks/blob/main/grade-10/gov/bangladesh/religion-islam/bangla-version/full-year.pdf
Grade 10	Bangladesh	Government	Class 9-10 (shared SSC) Islam Religion Studies (English Version)	Islam Religion Studies	student	https://github.com/tensae-code/liqlearns-textbooks/blob/main/grade-10/gov/bangladesh/religion-islam/english-version/full-year.pdf
Grade 10	Bangladesh	Government	Class 9-10 (shared SSC) Mathematics (Bangla Version)	Mathematics	student	https://github.com/tensae-code/liqlearns-textbooks/blob/main/grade-10/gov/bangladesh/mathematics/bangla-version/full-year.pdf
Grade 10	Bangladesh	Government	Class 9-10 (shared SSC) Mathematics (English Version)	Mathematics	student	https://github.com/tensae-code/liqlearns-textbooks/blob/main/grade-10/gov/bangladesh/mathematics/english-version/full-year.pdf
Grade 10	Bangladesh	Government	Class 9-10 (shared SSC) Science (Exercise Book) (Bangla Version)	Science (Exercise Book)	student	https://github.com/tensae-code/liqlearns-textbooks/blob/main/grade-10/gov/bangladesh/science-exercise/bangla-version/full-year.pdf
Grade 10	Bangladesh	Government	Class 9-10 (shared SSC) Science (Exercise Book) (English Version)	Science (Exercise Book)	student	https://github.com/tensae-code/liqlearns-textbooks/blob/main/grade-10/gov/bangladesh/science-exercise/english-version/full-year.pdf
Grade 10	Bangladesh	Government	Class 9-10 (shared SSC) Science (Investigative Study) (Bangla Version)	Science (Investigative Study)	student	https://github.com/tensae-code/liqlearns-textbooks/blob/main/grade-10/gov/bangladesh/science-investigative/bangla-version/full-year.pdf
Grade 10	Bangladesh	Government	Class 9-10 (shared SSC) Science (Investigative Study) (English Version)	Science (Investigative Study)	student	https://github.com/tensae-code/liqlearns-textbooks/blob/main/grade-10/gov/bangladesh/science-investigative/english-version/full-year.pdf
Grade 10	Bangladesh	Government	Class 9-10 (shared SSC) Wellbeing (Bangla Version)	Wellbeing	student	https://github.com/tensae-code/liqlearns-textbooks/blob/main/grade-10/gov/bangladesh/wellbeing/bangla-version/full-year.pdf
Grade 10	Bangladesh	Government	Class 9-10 (shared SSC) Wellbeing (English Version)	Wellbeing	student	https://github.com/tensae-code/liqlearns-textbooks/blob/main/grade-10/gov/bangladesh/wellbeing/english-version/full-year.pdf
Grade 10	Ethiopia	Government	Grade 10 Biology Student Textbook	Biology	student	https://github.com/tensae-code/liqlearns-textbooks/blob/main/grade-10/gov/ethiopia/biology/student/full-year.pdf
Grade 10	Ethiopia	Government	Grade 10 Chemistry Student Textbook	Chemistry	student	https://github.com/tensae-code/liqlearns-textbooks/blob/main/grade-10/gov/ethiopia/chemistry/student/full-year.pdf
Grade 10	Ethiopia	Government	Grade 10 Citizenship Education Student Textbook	Citizenship Education	student	https://github.com/tensae-code/liqlearns-textbooks/blob/main/grade-10/gov/ethiopia/citizenship-education/student/full-year.pdf
Grade 10	Ethiopia	Government	Grade 10 Economics Student Textbook	Economics	student	https://github.com/tensae-code/liqlearns-textbooks/blob/main/grade-10/gov/ethiopia/economics/student/full-year.pdf
Grade 10	Ethiopia	Government	Grade 10 English Student Textbook	English	student	https://github.com/tensae-code/liqlearns-textbooks/blob/main/grade-10/gov/ethiopia/english/student/full-year.pdf
Grade 10	Ethiopia	Government	Grade 10 Geography Student Textbook	Geography	student	https://github.com/tensae-code/liqlearns-textbooks/blob/main/grade-10/gov/ethiopia/geography/student/full-year.pdf
Grade 10	Ethiopia	Government	Grade 10 Health and Physical Education Student Textbook	Health and Physical Education	student	https://github.com/tensae-code/liqlearns-textbooks/blob/main/grade-10/gov/ethiopia/health-and-physical-education/student/full-year.pdf
Grade 10	Ethiopia	Government	Grade 10 History Student Textbook	History	student	https://github.com/tensae-code/liqlearns-textbooks/blob/main/grade-10/gov/ethiopia/history/student/full-year.pdf
Grade 10	Ethiopia	Government	Grade 10 Information Technology Student Textbook	Information Technology	student	https://github.com/tensae-code/liqlearns-textbooks/blob/main/grade-10/gov/ethiopia/information-technology/student/full-year.pdf
Grade 10	Ethiopia	Government	Grade 10 Mathematics Student Textbook	Mathematics	student	https://github.com/tensae-code/liqlearns-textbooks/blob/main/grade-10/gov/ethiopia/mathematics/student/full-year.pdf
Grade 10	Ethiopia	Government	Grade 10 Physics Student Textbook	Physics	student	https://github.com/tensae-code/liqlearns-textbooks/blob/main/grade-10/gov/ethiopia/physics/student/full-year.pdf
Grade 10	Moldova	Government	Clasa 10 — Fizica (in limba romana)	Physics	student	https://github.com/tensae-code/liqlearns-textbooks/blob/main/grade-10/gov/moldova/physics/full-year.pdf
Grade 10	Moldova	Government	Clasa 10 — Limba franceza (limba 1)	French language	student	https://github.com/tensae-code/liqlearns-textbooks/blob/main/grade-10/gov/moldova/french/language-1/full-year.pdf
Grade 10	Moldova	Government	Clasa 10 — Limba si literatura romana (materna)	Romanian language and literature	student	https://github.com/tensae-code/liqlearns-textbooks/blob/main/grade-10/gov/moldova/romanian/materna/full-year.pdf
Grade 10	Nepal	Government	Computer Science Class 10 (First Edition-2082)	Computer Science	student	https://github.com/tensae-code/liqlearns-textbooks/blob/main/grade-10/gov/nepal/computer-science/full-year.pdf
Grade 10	Nepal	Government	English Grade 10	English	student	https://github.com/tensae-code/liqlearns-textbooks/blob/main/grade-10/gov/nepal/english/full-year.pdf
Grade 10	Nepal	Government	Ganit Kaksha 10 (Mathematics Grade 10)	Mathematics	student	https://github.com/tensae-code/liqlearns-textbooks/blob/main/grade-10/gov/nepal/mathematics/full-year.pdf
Grade 10	Nepal	Government	Nepali Kaksha 10 (Nepali Grade 10)	Nepali	student	https://github.com/tensae-code/liqlearns-textbooks/blob/main/grade-10/gov/nepal/nepali/full-year.pdf
Grade 10	Nepal	Government	Optional Mathematics Grade 10	Optional Mathematics	student	https://github.com/tensae-code/liqlearns-textbooks/blob/main/grade-10/gov/nepal/optional-mathematics/full-year.pdf
Grade 10	Nepal	Government	Shikshak Nirdeshika Adharbhut Taha, Kaksha 10 Nepali (2081) (Teacher's Guide Nepali Grade 10)	Nepali	teacher	https://github.com/tensae-code/liqlearns-textbooks/blob/main/grade-10/gov/nepal/nepali/full-year-teacher-guide.pdf
Grade 10	Nepal	Government	Shikshak Nirdeshika Anivarya Ganit Kaksha 10 (Teacher's Guide Compulsory Mathematics Grade 10)	Mathematics	teacher	https://github.com/tensae-code/liqlearns-textbooks/blob/main/grade-10/gov/nepal/mathematics/full-year-teacher-guide.pdf
Grade 10	Nepal	Government	Shikshak Nirdeshika Samajik Adhyayan Kaksha 10 (Teacher's Guide Social Studies Grade 10)	Social Studies	teacher	https://github.com/tensae-code/liqlearns-textbooks/blob/main/grade-10/gov/nepal/social-studies/full-year-teacher-guide.pdf
Grade 10	Nepal	Government	Shikshak Nirdeshika Vigyan tatha Prabidhi Kaksha 10 (2081) (Teacher's Guide Science and Technology Grade 10)	Science and Technology	teacher	https://github.com/tensae-code/liqlearns-textbooks/blob/main/grade-10/gov/nepal/science-and-technology/full-year-teacher-guide.pdf
Grade 10	Nepal	Government	Social Studies Grade 10	Social Studies	student	https://github.com/tensae-code/liqlearns-textbooks/blob/main/grade-10/gov/nepal/social-studies/full-year.pdf
Grade 10	Nepal	Government	Swasthya, Jansankhya ra Vatavaran Shiksha Kaksha 10 (Health, Population and Environment Education Grade 10)	Health, Population and Environment Education	student	https://github.com/tensae-code/liqlearns-textbooks/blob/main/grade-10/gov/nepal/health-population-and-environment/full-year.pdf
Grade 10	Nepal	Government	Teacher's Guide English 10 (2024)	English	teacher	https://github.com/tensae-code/liqlearns-textbooks/blob/main/grade-10/gov/nepal/english/full-year-teacher-guide.pdf
Grade 10	Nepal	Government	Vigyan Kaksha 10 (Science Grade 10)	Science and Technology	student	https://github.com/tensae-code/liqlearns-textbooks/blob/main/grade-10/gov/nepal/science-and-technology/full-year.pdf
Grade 10	Nigeria	Approved private	New Concept English for Senior Secondary Schools 1 — Teacher's Guide	English Language	teacher	https://github.com/tensae-code/liqlearns-textbooks/blob/main/grade-10/approved-private/nigeria/english/full-year-teacher-guide.pdf
Grade 10	Nigeria	Approved private	New Concept Mathematics for Senior Secondary Schools 1 — Teacher's Guide	Mathematics	teacher	https://github.com/tensae-code/liqlearns-textbooks/blob/main/grade-10/approved-private/nigeria/mathematics/full-year-teacher-guide.pdf
Grade 10	Palestine	Government	English — Grade 10, Part 1 (Semester 1)	English	student	https://github.com/tensae-code/liqlearns-textbooks/blob/main/grade-10/gov/palestine/english/quarter-1-2.pdf
Grade 10	Palestine	Government	Mathematics — Grade 10, Part 1 (Semester 1)	Mathematics	student	https://github.com/tensae-code/liqlearns-textbooks/blob/main/grade-10/gov/palestine/mathematics/quarter-1-2.pdf
Grade 10	Palestine	Government	Mathematics — Grade 10, Part 2 (Semester 2)	Mathematics	student	https://github.com/tensae-code/liqlearns-textbooks/blob/main/grade-10/gov/palestine/mathematics/quarter-3-4.pdf
Grade 10	Poland	Government	Ars longa. Przemiany sztuki — Tom II	Art History	student	https://github.com/tensae-code/liqlearns-textbooks/blob/main/grade-10/gov/poland/art-history/full-year.pdf
Grade 10	Rwanda	Government	S4 Kinyarwanda Student Book	Kinyarwanda	student	https://github.com/tensae-code/liqlearns-textbooks/blob/main/grade-10/gov/rwanda/kinyarwanda/student/full-year.pdf
Grade 10	Rwanda	Government	S4 Kinyarwanda Teacher Guide	Kinyarwanda	teacher	https://github.com/tensae-code/liqlearns-textbooks/blob/main/grade-10/gov/rwanda/kinyarwanda/teacher-guide/full-year.pdf
Grade 10	Rwanda	Government	S4 Literature in English Teacher Guide	Literature in English	teacher	https://github.com/tensae-code/liqlearns-textbooks/blob/main/grade-10/gov/rwanda/literature-in-english/teacher-guide/full-year.pdf
Grade 10	South Sudan	Government	South Sudan Secondary 2 Citizenship Student's Book	Citizenship	student	https://github.com/tensae-code/liqlearns-textbooks/blob/main/grade-10/gov/south-sudan/citizenship/full-year-student.pdf
Grade 10	Suriname	Government	Reader Leerjaar 10 — Engels	English	student	https://github.com/tensae-code/liqlearns-textbooks/blob/main/grade-10/gov/suriname/english/student-reader.pdf
Grade 10	Suriname	Government	Reader Leerjaar 10 — Nederlands	Dutch	student	https://github.com/tensae-code/liqlearns-textbooks/blob/main/grade-10/gov/suriname/dutch/student-reader.pdf
Grade 10	Suriname	Government	Reader Leerjaar 10 — Rekenen	Mathematics	student	https://github.com/tensae-code/liqlearns-textbooks/blob/main/grade-10/gov/suriname/mathematics/student-reader.pdf
Grade 10	Venezuela	Government	CIENCIAS NATURALES — Propuestas de contenidos para la enseñanza y aprendizajes esperados (Documento para la consulta), Septiembre 2025	Natural Sciences	teacher	https://github.com/tensae-code/liqlearns-textbooks/blob/main/grade-10/gov/venezuela/natural-sciences/full-year.pdf
Grade 10	Venezuela	Government	IDENTIDAD — Propuestas de contenidos para la enseñanza y aprendizajes esperados (Documento para la consulta), Septiembre 2025	Identity	teacher	https://github.com/tensae-code/liqlearns-textbooks/blob/main/grade-10/gov/venezuela/identity/full-year.pdf
Grade 10	Venezuela	Government	MATEMÁTICA — Propuestas de contenidos para la enseñanza y aprendizajes esperados (Documento para la consulta), Septiembre 2025	Mathematics	teacher	https://github.com/tensae-code/liqlearns-textbooks/blob/main/grade-10/gov/venezuela/mathematics/full-year.pdf
Grade 10	Venezuela	Government	PRÁCTICAS DEL LENGUAJE — Propuestas de contenidos para la enseñanza y aprendizajes esperados (Documento para la consulta), Septiembre 2025	Language	teacher	https://github.com/tensae-code/liqlearns-textbooks/blob/main/grade-10/gov/venezuela/language/full-year.pdf
Grade 11	Andorra	Government	Programa de llengua i literatura castellanes del batxillerat general de l'Escola Andorrana	Spanish Language and Literature	teacher	https://github.com/tensae-code/liqlearns-textbooks/blob/main/grade-11/gov/andorra/spanish-language-and-literature/full-year.pdf
Grade 11	Mauritius	Government	Kreol Morisien - Grade 11 (2027 edition)	Kreol Morisien	student	https://github.com/tensae-code/liqlearns-textbooks/blob/main/grade-11/gov/mauritius/kreol-morisien/pupil-full-year.pdf
Grade 11	Moldova	Government	Clasa 11 — Biologie (in limba romana)	Biology	student	https://github.com/tensae-code/liqlearns-textbooks/blob/main/grade-11/gov/moldova/biology/full-year.pdf
Grade 11	Moldova	Government	Clasa 11 — Limba franceza	French language	student	https://github.com/tensae-code/liqlearns-textbooks/blob/main/grade-11/gov/moldova/french/full-year.pdf
Grade 11	Nepal	Government	Nepali Kaksha 11 (Nepali Grade 11)	Nepali	student	https://github.com/tensae-code/liqlearns-textbooks/blob/main/grade-11/gov/nepal/nepali/full-year.pdf
Grade 11	Nepal	Government	Social Studies and Life Skills Education Grade 11 (English Version)	Social Studies and Life Skills Education	student	https://github.com/tensae-code/liqlearns-textbooks/blob/main/grade-11/gov/nepal/social-studies-and-life-skills-education/english-medium/full-year.pdf
Grade 11	Palestine	Government	Small Projects — Grade 11 (Entrepreneurship (Riada) stream)	Small Projects	student	https://github.com/tensae-code/liqlearns-textbooks/blob/main/grade-11/gov/palestine/small-projects/full-year.pdf
Grade 11	Poland	Government	Ars longa. Przemiany sztuki — Tom III	Art History	student	https://github.com/tensae-code/liqlearns-textbooks/blob/main/grade-11/gov/poland/art-history/full-year.pdf
Grade 11	Rwanda	Government	S5 Advanced Mathematics Student Book	Advanced Mathematics	student	https://github.com/tensae-code/liqlearns-textbooks/blob/main/grade-11/gov/rwanda/advanced-mathematics/student/full-year.pdf
Grade 11	Rwanda	Government	S5 Advanced Mathematics Teacher Guide	Advanced Mathematics	teacher	https://github.com/tensae-code/liqlearns-textbooks/blob/main/grade-11/gov/rwanda/advanced-mathematics/teacher-guide/full-year.pdf
Grade 11	Rwanda	Government	S5 Kinyarwanda Student Book	Kinyarwanda	student	https://github.com/tensae-code/liqlearns-textbooks/blob/main/grade-11/gov/rwanda/kinyarwanda/student/full-year.pdf
Grade 11	Rwanda	Government	S5 Kinyarwanda Teacher Guide	Kinyarwanda	teacher	https://github.com/tensae-code/liqlearns-textbooks/blob/main/grade-11/gov/rwanda/kinyarwanda/teacher-guide/full-year.pdf
Grade 11	Rwanda	Government	S5 Kiswahili Elective Student Book	Kiswahili	student	https://github.com/tensae-code/liqlearns-textbooks/blob/main/grade-11/gov/rwanda/kiswahili/elective/student/full-year.pdf
Grade 11	Rwanda	Government	S5 Kiswahili Elective Teacher Guide	Kiswahili	teacher	https://github.com/tensae-code/liqlearns-textbooks/blob/main/grade-11/gov/rwanda/kiswahili/elective/teacher-guide/full-year.pdf
Grade 11	Venezuela	Government	CIENCIAS NATURALES — Propuestas de contenidos para la enseñanza y aprendizajes esperados (Documento para la consulta), Septiembre 2025	Natural Sciences	teacher	https://github.com/tensae-code/liqlearns-textbooks/blob/main/grade-11/gov/venezuela/natural-sciences/full-year.pdf
Grade 11	Venezuela	Government	IDENTIDAD — Propuestas de contenidos para la enseñanza y aprendizajes esperados (Documento para la consulta), Septiembre 2025	Identity	teacher	https://github.com/tensae-code/liqlearns-textbooks/blob/main/grade-11/gov/venezuela/identity/full-year.pdf
Grade 11	Venezuela	Government	MATEMÁTICA — Propuestas de contenidos para la enseñanza y aprendizajes esperados (Documento para la consulta), Septiembre 2025	Mathematics	teacher	https://github.com/tensae-code/liqlearns-textbooks/blob/main/grade-11/gov/venezuela/mathematics/full-year.pdf
Grade 11	Venezuela	Government	PRÁCTICAS DEL LENGUAJE — Propuestas de contenidos para la enseñanza y aprendizajes esperados (Documento para la consulta), Septiembre 2025	Language	teacher	https://github.com/tensae-code/liqlearns-textbooks/blob/main/grade-11/gov/venezuela/language/full-year.pdf
Grade 12	Nepal	Government	Nepali Kaksha 12 (Nepali Grade 12)	Nepali	student	https://github.com/tensae-code/liqlearns-textbooks/blob/main/grade-12/gov/nepal/nepali/full-year.pdf
Grade 12	Nepal	Government	Samajik Adhyayan tatha Jivan Upyogi Shiksha Kaksha 12 (Social Studies and Life Skills Education Grade 12)	Social Studies and Life Skills Education	student	https://github.com/tensae-code/liqlearns-textbooks/blob/main/grade-12/gov/nepal/social-studies-and-life-skills-education/full-year.pdf
Grade 12	Palestine	Government	English — Grade 12 (Entrepreneurship (Riada) stream)	English	student	https://github.com/tensae-code/liqlearns-textbooks/blob/main/grade-12/gov/palestine/english/full-year.pdf
Grade 12	Palestine	Government	Mathematics — Grade 12 (Information Technology stream)	Mathematics	student	https://github.com/tensae-code/liqlearns-textbooks/blob/main/grade-12/gov/palestine/mathematics/full-year.pdf
Grade 12	Rwanda	Government	S6 Advanced Mathematics Student Book	Advanced Mathematics	student	https://github.com/tensae-code/liqlearns-textbooks/blob/main/grade-12/gov/rwanda/advanced-mathematics/student/full-year.pdf
Grade 12	Rwanda	Government	S6 Advanced Mathematics Teacher Guide	Advanced Mathematics	teacher	https://github.com/tensae-code/liqlearns-textbooks/blob/main/grade-12/gov/rwanda/advanced-mathematics/teacher-guide/full-year.pdf
Grade 12	Rwanda	Government	S6 Kinyarwanda (Other Streams) Student Book	Kinyarwanda	student	https://github.com/tensae-code/liqlearns-textbooks/blob/main/grade-12/gov/rwanda/kinyarwanda/other-streams/student/full-year.pdf
Grade 12	Rwanda	Government	S6 Kinyarwanda (Other Streams) Teacher Guide	Kinyarwanda	teacher	https://github.com/tensae-code/liqlearns-textbooks/blob/main/grade-12/gov/rwanda/kinyarwanda/other-streams/teacher-guide/full-year.pdf
Grade 12	Rwanda	Government	S6 Kiswahili Student Book	Kiswahili	student	https://github.com/tensae-code/liqlearns-textbooks/blob/main/grade-12/gov/rwanda/kiswahili/student/full-year.pdf
Grade 12	Rwanda	Government	S6 Kiswahili Teacher Guide	Kiswahili	teacher	https://github.com/tensae-code/liqlearns-textbooks/blob/main/grade-12/gov/rwanda/kiswahili/teacher-guide/full-year.pdf
Grade 12	South Sudan	Government	South Sudan Secondary 4 Citizenship Student's Book	Citizenship	student	https://github.com/tensae-code/liqlearns-textbooks/blob/main/grade-12/gov/south-sudan/citizenship/full-year-student.pdf
Grade 12	Venezuela	Government	CIENCIAS NATURALES — Propuestas de contenidos para la enseñanza y aprendizajes esperados (Documento para la consulta), Septiembre 2025	Natural Sciences	teacher	https://github.com/tensae-code/liqlearns-textbooks/blob/main/grade-12/gov/venezuela/natural-sciences/full-year.pdf
Grade 12	Venezuela	Government	IDENTIDAD — Propuestas de contenidos para la enseñanza y aprendizajes esperados (Documento para la consulta), Septiembre 2025	Identity	teacher	https://github.com/tensae-code/liqlearns-textbooks/blob/main/grade-12/gov/venezuela/identity/full-year.pdf
Grade 12	Venezuela	Government	MATEMÁTICA — Propuestas de contenidos para la enseñanza y aprendizajes esperados (Documento para la consulta), Septiembre 2025	Mathematics	teacher	https://github.com/tensae-code/liqlearns-textbooks/blob/main/grade-12/gov/venezuela/mathematics/full-year.pdf
Grade 12	Venezuela	Government	PRÁCTICAS DEL LENGUAJE — Propuestas de contenidos para la enseñanza y aprendizajes esperados (Documento para la consulta), Septiembre 2025	Language	teacher	https://github.com/tensae-code/liqlearns-textbooks/blob/main/grade-12/gov/venezuela/language/full-year.pdf
